red_flag,s0,s10,s90,s90d
1,45,31,11,0
0,92,81,94,13
0,98,84,81,12
1,35,35,2,0
0,89,66,51,6
0,96,79,77,22
0,100,79,68,12
0,88,78,82,12
0,98,67,98,16
0,81,68,49,8
0,81,68,65,6
0,88,72,69,15
0,85,66,79,8
0,94,71,75,10
2,88,78,100,21
0,94,90,62,8
1,47,32,9,0
2,90,82,125,10
0,90,70,53,8
1,38,32,5,0
2,91,78,102,9
1,37,35,8,0
0,88,77,73,21
0,89,68,63,4
1,30,25,3,0
1,49,42,11,0
2,99,80,105,12
1,28,28,2,0
0,83,73,91,7
1,36,30,7,1
1,49,38,10,0
0,98,88,87,15
0,87,71,72,10
1,43,34,3,6
1,44,28,5,0
0,119,67,93,19
2,97,75,121,20
0,83,62,63,5
0,85,84,69,9
0,78,73,77,12
1,42,37,6,2
0,78,70,37,10
2,108,101,100,23
1,45,27,7,5
0,96,72,87,13
0,96,71,76,10
1,33,23,4,0
0,103,85,69,2
0,118,103,85,7
1,38,34,3,1
1,44,37,8,3
1,11,8,0,1
1,44,33,11,3
0,89,70,78,12
0,122,107,89,13
0,97,88,87,7
0,93,83,91,15
0,93,73,58,9
1,56,58,4,0
0,114,89,89,13
0,90,72,89,15
1,15,15,9,0
2,134,112,125,29
1,47,35,7,1
0,94,77,66,18
0,109,80,84,6
2,106,84,134,10
1,16,15,1,6
0,92,80,93,19
0,86,67,68,14
0,73,75,49,4
1,50,36,9,0
2,127,117,141,19
1,13,12,1,0
2,141,106,143,16
0,101,92,73,13
0,105,70,75,11
0,104,66,77,22
1,12,12,0,0
0,102,50,86,8
0,93,74,95,8
1,53,34,10,1
0,110,77,94,25
0,104,85,77,9
0,106,79,72,12
1,80,38,12,2
2,128,113,96,12
2,113,80,123,21
0,102,68,89,10
0,103,68,76,8
0,164,72,69,5
0,68,56,86,8
1,40,31,5,1
0,90,69,68,4
2,99,70,114,12
2,108,91,103,7
0,98,76,89,10
2,102,86,99,13
0,92,70,66,11
1,46,31,11,2
0,99,78,76,11
2,105,84,103,11
1,32,21,7,1
1,50,45,6,4
0,83,76,77,8
0,107,76,83,16
2,103,78,120,14
0,104,79,89,17
2,105,72,104,22
1,63,40,13,4
2,115,73,110,15
2,114,92,145,25
0,97,76,75,23
0,93,73,87,22
1,70,63,12,3
2,130,118,105,8
1,53,40,8,0
0,86,79,90,6
0,97,87,83,8
0,89,70,41,11
2,136,122,143,15
2,101,83,104,10
2,107,97,98,20
0,122,117,74,7
1,46,29,5,3
2,97,85,106,19
0,100,73,88,13
0,97,85,80,13
1,60,60,11,3
0,102,74,90,5
2,98,69,102,13
2,100,85,111,18
0,98,73,83,13
1,14,15,1,1
1,43,27,8,2
2,96,82,113,11
1,51,39,9,1
1,40,41,6,4
2,129,123,144,15
0,103,77,82,19
2,115,88,131,23
1,47,35,9,0
0,95,68,50,5
2,124,87,123,20
1,78,36,11,0
0,89,56,62,7
2,105,86,121,14
0,105,68,81,14
0,92,74,72,8
1,11,10,0,0
0,97,86,89,15
0,105,76,93,12
0,99,71,92,7
1,40,33,5,0
1,53,32,6,0
2,110,81,100,11
1,35,26,5,2
1,34,37,3,3
1,79,55,13,4
1,39,30,9,0
2,99,95,122,19
1,36,27,6,0
0,121,74,75,9
2,106,92,128,15
2,115,77,104,15
0,97,73,74,3
2,105,78,104,6
1,37,39,10,4
0,84,79,65,8
2,103,68,109,9
2,129,104,124,18
1,15,22,5,0
2,115,83,105,24
2,119,74,105,17
0,97,70,52,9
1,16,27,7,0
0,78,70,66,6
0,133,73,40,3
1,46,35,2,3
0,97,59,69,8
0,116,102,66,9
1,51,45,4,2
2,116,76,134,22
2,115,80,102,21
2,120,76,138,26
1,38,30,8,2
0,112,74,94,18
1,10,12,0,0
2,112,88,108,7
0,74,74,49,11
0,96,80,89,11
2,103,82,102,10
0,108,85,86,15
1,13,16,0,0
0,91,71,60,12
0,74,63,48,4
1,33,33,5,1
2,106,81,107,12
2,87,83,110,15
0,51,33,69,14
1,76,38,9,0
0,103,84,72,5
0,103,80,83,11
1,46,38,8,1
2,132,90,124,13
1,52,44,3,0
1,49,37,10,0
1,15,16,0,0
1,59,49,12,0
2,119,82,107,16
0,95,72,73,16
0,81,68,72,8
0,103,83,85,11
0,100,72,88,22
0,105,85,93,3
0,94,76,82,20
0,95,78,81,13
2,121,51,130,22
2,114,78,158,21
1,49,30,6,3
0,94,78,62,4
0,105,70,93,10
0,100,73,85,6
2,96,73,107,7
2,107,78,99,12
2,105,75,153,29
2,115,98,127,15
2,111,96,189,24
1,99,59,18,1
2,131,113,176,15
2,105,86,108,16
0,99,78,97,15
1,42,34,12,1
1,46,41,8,0
2,103,79,105,26
2,117,99,98,21
1,39,29,6,0
0,86,76,41,5
0,88,69,78,20
1,37,13,11,1
0,99,88,78,8
0,98,78,62,11
0,97,71,83,5
2,110,98,97,22
2,91,83,109,7
0,92,83,85,13
1,38,27,6,0
0,102,63,73,7
1,17,16,2,0
0,98,60,53,8
0,96,72,96,11
2,100,80,113,10
0,103,83,83,14
0,96,75,64,7
2,102,91,118,29
2,108,83,140,23
1,12,11,1,0
1,103,54,32,3
1,47,45,6,0
1,57,43,15,0
0,109,71,76,15
2,104,86,97,11
2,116,84,128,22
0,103,88,95,13
0,88,70,80,11
0,90,73,80,7
0,87,67,73,13
0,91,70,83,7
0,86,77,90,16
0,112,83,94,3
1,33,28,5,0
0,94,73,57,13
2,117,88,111,17
0,85,70,62,8
2,111,72,141,11
2,100,81,121,16
0,98,76,96,6
2,107,88,104,11
1,39,38,5,2
0,97,70,81,7
1,39,28,8,0
2,120,77,119,13
0,109,78,82,7
2,101,88,123,16
0,103,77,79,15
1,104,48,19,1
2,85,78,100,10
0,105,78,89,7
2,118,96,137,21
0,106,68,89,8
2,112,74,121,17
2,94,90,116,16
0,105,67,85,15
0,95,77,64,3
0,88,71,85,6
0,114,69,79,21
2,103,97,129,18
1,57,32,12,5
2,98,88,123,13
0,100,83,97,7
0,97,88,84,2
1,40,30,8,0
2,93,77,99,13
0,110,75,92,8
2,122,75,129,26
0,92,71,73,7
0,94,71,68,12
0,94,71,66,10
1,71,62,19,7
0,98,78,83,10
0,84,68,46,6
2,123,117,142,21
0,95,63,85,4
0,103,80,98,15
1,43,24,4,2
0,96,74,68,4
0,101,72,87,21
2,106,77,128,11
0,102,77,97,11
2,97,81,129,8
0,101,77,81,12
1,42,35,9,0
0,96,73,91,12
2,110,83,114,14
2,97,95,116,20
1,35,27,7,2
0,82,64,62,7
1,42,27,14,1
1,117,53,33,6
0,96,76,72,10
0,95,68,91,19
0,100,70,87,14
0,96,92,76,3
0,89,64,48,2
1,41,36,7,3
0,104,73,91,11
0,88,63,78,6
0,92,75,88,10
0,100,74,79,12
0,92,63,67,7
0,100,76,82,9
0,89,68,71,13
0,99,79,86,12
2,95,88,135,4
0,88,63,93,11
0,93,74,77,9
1,49,35,14,0
1,36,22,8,0
2,105,81,111,6
0,99,74,67,8
0,94,68,100,14
1,12,13,1,0
0,105,79,98,15
0,78,71,60,2
1,11,14,6,0
0,76,68,40,8
2,109,77,113,14
1,36,34,4,1
0,89,64,64,4
1,44,29,2,0
2,116,84,131,11
0,84,64,69,9
0,103,73,88,15
0,94,67,73,10
0,90,75,67,9
1,40,28,3,0
1,38,35,9,3
1,37,25,8,0
1,44,39,12,0
0,93,71,98,22
0,91,70,86,8
1,58,45,19,5
2,108,86,107,20
0,97,79,83,9
0,94,65,82,10
0,94,76,68,5
0,99,65,59,9
0,101,69,82,6
2,99,76,100,15
1,50,39,8,4
2,111,86,114,18
0,103,85,88,13
2,97,79,105,11
0,103,84,63,16
1,49,29,15,4
0,96,67,100,22
2,105,86,97,14
0,92,82,57,10
0,93,70,85,15
0,107,78,95,20
1,39,23,5,2
1,12,10,35,5
2,111,89,152,22
0,89,64,74,8
1,10,13,2,1
0,100,53,71,17
0,87,61,64,14
1,36,37,13,4
0,93,75,76,6
0,90,64,101,14
0,82,74,80,9
2,113,78,130,18
0,85,68,66,2
1,38,34,2,0
0,98,74,51,9
0,93,76,84,8
1,29,24,11,1
0,81,66,68,8
0,98,81,84,10
2,99,86,137,8
1,86,37,17,1
0,92,80,87,13
0,87,67,58,9
2,105,75,104,14
0,106,70,62,5
1,44,39,13,5
2,126,68,132,31
2,107,74,152,15
0,101,80,70,13
1,13,10,4,1
0,87,70,86,8
0,106,71,71,3
0,110,78,84,9
0,97,73,87,7
0,89,64,62,16
0,94,66,64,7
0,99,78,79,11
1,40,27,8,0
2,138,81,153,26
1,27,23,7,0
0,81,70,56,10
2,83,80,111,20
1,47,28,9,0
0,93,86,63,14
2,98,85,118,12
0,80,66,68,5
0,84,73,53,8
0,93,84,55,11
0,84,75,62,8
1,54,45,11,1
2,111,76,127,29
1,11,14,4,0
1,47,40,13,1
0,91,75,69,13
0,99,62,83,12
1,40,38,9,2
1,38,34,5,0
2,102,75,146,19
2,98,81,102,9
1,85,45,21,3
1,38,35,5,1
0,99,76,81,13
1,62,36,14,21
1,70,36,10,1
2,94,108,104,11
0,115,51,64,14
1,39,28,6,0
0,88,78,83,10
2,105,86,97,15
1,38,42,5,0
1,43,29,10,4
1,39,28,3,0
1,93,45,16,0
2,122,90,132,13
0,91,70,68,6
2,101,82,119,17
0,95,73,75,10
0,98,84,85,9
0,99,63,78,11
0,92,82,78,18
2,106,74,128,9
1,43,32,14,1
1,16,18,2,1
0,95,71,75,17
2,99,80,108,19
2,105,67,109,11
2,112,79,118,9
0,96,70,75,7
0,102,58,62,11
1,49,26,16,0
1,47,40,14,2
0,87,77,93,11
2,108,80,100,9
0,82,62,47,9
0,109,78,95,7
0,90,74,70,4
0,94,76,64,10
1,11,10,1,1
0,79,67,73,10
2,102,78,101,7
1,42,17,16,0
0,88,68,61,0
2,95,78,119,18
1,79,41,14,5
0,76,63,53,7
0,85,71,85,8
0,97,65,73,5
2,113,83,139,8
2,124,83,137,9
2,111,69,103,17
0,97,83,56,1
1,34,24,5,2
2,103,68,123,20
0,100,74,87,10
1,43,32,5,1
0,101,76,96,8
0,103,80,90,5
1,38,26,12,3
0,96,79,94,28
0,101,73,73,5
1,87,41,20,1
2,100,59,117,17
0,95,69,81,14
2,100,86,133,13
2,116,79,127,20
1,39,23,5,2
0,98,70,65,15
2,105,70,104,13
0,105,77,87,8
0,88,73,71,10
0,92,84,85,14
1,74,44,15,4
0,94,74,86,10
1,35,30,5,1
1,31,18,12,0
2,120,78,138,25
0,95,70,99,22
0,87,72,64,19
2,127,80,173,35
1,46,29,5,2
1,45,43,9,2
2,107,69,114,12
2,103,85,102,21
0,95,75,88,10
0,91,67,58,6
0,96,80,52,9
2,108,77,124,15
0,99,84,90,7
0,104,81,80,15
0,90,65,58,12
2,102,79,100,14
0,84,69,68,3
0,99,80,58,14
2,106,79,104,20
0,113,67,77,13
1,42,33,11,4
1,79,25,28,0
0,91,67,85,9
0,89,65,74,8
0,84,66,81,5
0,111,88,94,14
0,85,74,92,9
1,82,51,15,2
2,119,78,132,15
0,101,71,71,10
1,102,50,14,3
0,89,62,71,3
0,101,80,86,17
1,30,26,5,6
2,115,82,110,19
2,107,74,139,16
2,101,79,138,18
1,102,46,19,1
0,98,65,63,10
0,107,83,89,14
0,107,71,93,8
1,41,40,5,5
1,45,35,4,1
0,96,73,87,12
2,110,75,118,7
2,104,85,103,19
0,104,70,93,16
0,95,80,63,7
0,86,65,89,6
0,102,78,86,10
1,43,35,4,0
1,45,29,13,0
2,117,68,110,33
1,58,34,12,2
0,110,80,90,18
2,111,79,109,17
1,27,23,1,2
0,102,70,76,19
2,104,77,122,24
0,88,60,89,3
1,41,25,4,1
1,37,29,15,0
0,100,77,78,5
1,46,33,19,4
2,101,64,106,17
0,89,79,88,12
1,53,21,10,0
0,99,72,97,9
1,31,29,9,0
1,45,29,10,0
0,100,97,75,10
2,105,73,116,18
1,46,29,8,0
0,92,69,77,14
2,100,45,109,11
0,90,64,74,8
0,100,74,88,9
0,108,91,89,14
0,86,64,71,6
0,78,71,49,14
1,35,23,13,0
0,101,77,97,28
0,83,71,55,5
1,66,34,13,4
0,98,74,78,12
1,13,14,2,0
1,26,23,5,2
2,102,86,99,16
1,42,27,12,3
0,99,75,92,11
2,99,78,112,23
1,49,35,10,0
1,40,34,7,2
1,50,40,6,3
2,103,96,132,9
1,49,30,15,0
0,102,72,95,14
0,100,71,89,19
1,57,30,13,2
1,15,14,3,3
1,47,29,9,2
2,113,93,141,15
2,120,89,158,35
1,38,34,5,6
2,104,78,100,20
0,108,81,95,11
1,34,20,6,0
0,91,76,81,18
1,46,42,7,6
0,107,64,94,11
0,108,76,77,3
1,16,13,6,1
1,55,30,9,5
2,111,75,181,17
2,105,95,133,18
0,82,67,56,8
0,92,71,88,4
1,44,35,5,1
0,88,59,55,7
0,89,71,77,6
1,48,26,10,5
2,107,71,113,15
2,100,79,100,5
1,15,19,1,5
2,112,81,118,18
2,111,78,132,11
2,106,83,115,17
1,44,39,8,5
0,92,77,64,4
0,75,67,39,0
0,89,68,71,10
1,41,34,8,0
0,103,72,78,8
0,102,75,94,15
0,106,79,96,15
1,40,29,7,0
2,115,71,112,12
0,110,100,86,14
1,55,33,13,1
1,35,33,11,0
0,96,65,68,9
1,39,24,3,2
0,91,62,61,10
0,97,68,94,7
2,106,78,136,30
0,104,72,90,19
1,39,37,11,2
2,115,83,111,17
0,101,64,70,9
1,47,33,12,2
1,51,31,13,0
1,55,38,19,0
2,116,88,121,13
1,49,42,5,2
2,107,83,147,10
0,87,71,69,13
1,90,46,23,2
1,39,38,7,5
0,104,62,89,21
0,93,72,81,5
2,103,90,128,22
1,88,48,22,0
2,93,75,145,23
0,91,79,75,16
0,101,71,88,11
1,31,18,3,1
1,53,39,13,0
1,31,26,9,2
1,36,26,12,1
0,93,65,86,14
1,54,46,20,0
1,16,14,0,0
0,92,76,65,8
2,112,89,155,18
2,96,94,132,11
1,22,21,8,0
2,106,73,117,19
0,117,77,89,13
1,21,15,10,0
2,107,85,100,28
2,121,77,125,16
0,100,80,78,12
0,83,71,71,7
2,112,93,112,21
0,102,73,94,17
0,104,79,97,20
0,87,75,81,14
2,112,79,131,21
0,86,65,62,13
0,95,64,88,10
2,104,73,118,9
0,94,71,72,14
0,95,66,61,8
0,98,73,84,12
0,93,73,93,5
0,70,64,82,8
1,37,34,12,0
2,102,74,103,9
0,89,80,70,0
2,106,70,123,24
0,97,75,62,11
1,41,33,5,0
2,110,87,126,17
0,98,94,87,17
2,104,77,117,18
2,111,76,100,17
0,88,64,61,13
0,88,58,77,10
0,87,63,44,7
0,101,72,86,9
0,104,72,76,13
0,82,66,55,14
2,106,80,122,30
2,103,77,130,8
1,83,40,23,4
0,101,74,75,10
0,89,65,53,8
0,91,71,88,10
0,104,71,89,7
1,26,27,4,0
0,88,64,54,7
0,121,106,92,10
1,19,12,6,2
2,112,83,120,9
1,89,40,17,1
2,118,77,109,14
0,101,87,80,12
0,81,64,76,6
2,100,74,104,13
0,94,69,70,12
0,89,72,53,5
2,99,72,119,14
0,91,77,84,9
0,93,76,82,18
1,40,30,12,0
0,97,70,81,10
1,44,28,13,1
2,108,91,141,17
0,84,69,60,14
0,101,75,84,9
1,91,53,16,0
0,97,75,88,11
1,61,28,4,1
0,95,73,60,10
1,84,40,21,0
1,43,32,2,0
0,89,76,79,8
1,47,25,13,0
2,102,85,116,9
1,54,42,12,0
0,106,74,81,5
2,112,89,98,24
0,95,82,76,23
2,91,93,103,14
1,39,30,6,0
0,100,70,63,8
0,85,71,56,9
2,98,85,103,13
0,83,67,62,3
0,106,83,95,17
0,99,78,69,3
2,101,65,105,11
2,100,77,101,5
2,113,79,122,26
0,103,76,66,9
1,34,25,6,0
2,118,88,137,20
2,110,81,128,24
0,95,74,69,10
0,94,58,78,9
2,104,93,108,10
0,114,71,93,13
0,93,64,73,11
1,37,30,9,5
0,84,68,70,7
1,46,30,14,2
1,45,32,11,0
2,112,79,109,18
0,87,66,63,3
0,97,89,79,11
0,89,76,86,14
0,97,74,74,8
0,100,68,64,14
1,87,41,11,0
1,19,19,15,3
1,15,12,6,1
1,31,23,8,0
0,102,73,78,17
0,95,57,77,14
1,48,31,13,0
0,88,68,70,13
0,81,38,90,3
0,102,70,64,3
0,90,71,89,5
0,89,71,68,9
0,95,76,73,10
0,102,82,88,16
0,100,76,91,10
0,98,60,69,10
2,127,62,151,31
0,95,70,81,11
1,40,30,8,0
0,102,76,77,11
0,86,71,67,18
0,86,73,75,7
1,36,17,5,2
0,91,64,70,13
0,95,73,96,5
2,110,55,109,7
1,28,22,11,1
0,108,69,85,11
1,45,20,12,0
2,102,82,98,15
0,86,77,96,19
0,86,65,52,5
0,95,73,84,11
0,95,71,98,5
0,102,68,72,15
1,36,28,6,0
0,95,68,97,5
1,38,28,10,2
1,36,31,9,0
0,111,68,85,14
1,47,26,15,0
0,111,76,92,12
0,94,69,70,8
2,90,78,102,14
0,99,71,99,8
0,101,76,90,18
0,103,80,88,9
1,19,30,17,0
2,102,83,160,22
2,95,96,136,13
2,94,68,103,8
0,102,69,92,17
0,102,74,99,16
0,84,68,85,8
2,117,102,108,21
0,93,64,95,13
2,103,89,135,19
0,93,64,57,10
0,94,78,84,20
1,43,34,14,3
0,88,82,77,9
1,33,28,13,2
0,84,63,75,12
1,40,33,3,0
0,87,71,84,11
0,91,70,68,10
0,89,77,73,6
1,73,41,15,1
0,83,65,67,9
1,33,24,5,4
0,96,67,82,7
1,36,30,4,2
0,100,69,80,18
0,86,73,51,1
1,40,29,11,1
2,112,81,118,12
2,110,77,121,14
0,97,72,74,17
2,90,82,107,12
2,99,85,113,23
0,97,73,78,11
2,110,77,164,20
2,103,87,118,21
0,89,65,69,12
1,45,30,15,0
0,104,71,88,8
2,101,68,119,26
2,102,75,123,14
0,92,69,62,10
1,15,13,11,0
0,104,75,83,11
1,52,41,9,2
0,102,74,62,12
1,45,30,6,0
1,44,31,5,0
1,11,14,7,1
0,94,69,64,9
1,37,32,14,1
1,41,28,9,1
0,96,72,80,7
1,42,31,13,3
0,87,74,96,4
2,106,72,144,15
0,102,69,71,14
0,90,60,56,16
2,123,81,120,26
0,95,74,59,6
1,21,16,6,4
1,25,22,3,2
0,89,81,75,9
1,36,19,15,0
2,109,68,103,13
0,95,74,97,10
0,103,79,89,9
0,91,71,70,13
0,83,66,70,7
0,115,68,91,9
1,35,25,11,2
2,98,97,181,25
0,103,59,72,11
0,86,62,67,5
0,102,73,84,13
1,32,22,6,0
1,37,27,17,1
0,100,61,100,22
2,102,77,133,19
1,39,27,9,0
0,92,72,89,14
0,97,59,98,13
1,32,22,8,1
1,99,49,15,1
2,112,71,132,14
0,84,68,66,10
1,32,28,11,3
1,93,57,29,6
0,99,69,80,12
1,45,34,10,3
0,89,75,82,7
0,103,73,88,11
0,78,76,71,14
0,99,68,72,18
2,111,69,119,12
0,96,68,57,5
0,86,72,94,13
0,96,71,62,7
0,98,68,63,8
0,94,66,76,5
1,28,26,5,0
0,106,68,83,7
1,42,31,14,2
0,91,69,69,8
2,104,71,106,22
2,95,64,117,11
2,104,88,140,14
0,96,70,61,8
0,92,60,69,7
0,107,73,90,18
1,40,40,5,0
0,76,58,50,6
1,30,23,8,1
1,57,25,13,0
2,103,86,131,17
0,86,63,71,9
0,101,62,98,7
0,102,78,77,3
2,118,81,130,13
1,37,27,5,0
1,13,16,9,3
1,40,41,10,0
0,103,87,94,16
0,87,69,68,4
1,12,11,8,1
0,88,73,90,6
1,42,37,6,0
1,29,22,16,2
1,92,51,24,0
1,28,17,14,1
0,93,63,63,7
2,127,53,112,27
2,100,86,101,15
2,116,80,128,20
2,114,85,160,15
0,92,67,69,15
0,108,80,93,22
0,105,79,98,17
0,98,70,88,11
2,106,77,117,15
0,87,67,75,12
0,95,83,83,12
0,94,73,84,8
0,79,57,65,11
0,89,71,45,6
2,110,69,120,13
0,98,79,80,11
2,108,67,108,14
2,104,88,121,12
2,115,84,137,17
0,99,84,84,11
0,90,70,76,11
1,86,46,21,2
0,100,71,93,11
0,81,58,59,5
1,30,22,10,3
1,40,36,11,0
0,97,103,60,9
2,94,90,128,21
1,36,26,5,0
0,100,65,79,7
2,103,77,106,5
2,99,79,111,16
1,41,31,5,2
1,40,29,7,0
1,46,37,5,0
0,97,78,59,13
1,40,34,16,0
2,98,79,125,11
2,108,66,119,24
1,55,31,14,0
2,111,88,104,18
0,103,76,82,13
2,123,49,107,29
1,35,26,7,3
0,89,66,82,4
1,59,43,20,0
1,84,45,24,2
0,110,75,94,18
1,67,24,16,0
1,37,30,6,0
2,99,86,104,17
0,90,57,85,13
1,42,30,5,1
2,111,89,99,11
0,69,60,53,6
2,103,73,114,4
1,88,48,29,1
2,109,78,109,14
0,98,63,98,12
2,100,65,102,10
0,80,63,58,7
2,103,84,123,12
1,86,47,19,0
0,100,73,98,7
0,94,82,96,12
0,103,75,84,6
1,35,35,6,0
2,92,90,127,23
1,48,34,19,0
0,102,71,79,10
1,16,18,2,0
0,92,70,77,9
0,104,80,89,14
0,98,64,91,7
0,116,93,92,11
2,97,77,121,27
2,101,79,106,24
0,80,69,71,13
0,99,69,63,5
1,34,16,9,7
0,90,75,74,10
2,96,95,129,14
0,93,62,84,9
1,37,31,12,5
2,106,73,144,26
0,107,76,78,12
2,107,69,108,11
0,83,68,54,7
0,105,76,94,15
0,90,61,74,4
1,43,31,16,0
0,111,76,93,17
1,31,25,8,1
2,108,74,105,11
0,83,58,68,13
2,115,78,119,19
2,100,81,121,19
0,104,73,88,17
1,47,33,7,0
0,95,82,54,10
1,44,34,6,0
0,85,65,96,7
2,101,74,105,23
1,27,25,5,0
0,82,63,65,9
0,96,63,91,8
2,94,59,111,17
1,55,32,18,3
2,90,70,111,20
0,106,67,81,10
0,96,85,90,22
0,89,68,60,4
0,100,70,89,13
0,92,62,87,9
1,59,40,9,5
0,96,73,91,18
0,89,63,64,2
2,111,80,113,18
2,120,53,116,18
1,80,38,16,2
2,114,99,98,14
1,100,67,19,0
0,102,77,73,6
1,52,27,6,2
2,123,88,167,15
2,111,70,123,15
1,49,44,11,0
2,107,74,121,24
1,85,39,15,0
0,92,69,67,4
2,83,83,103,15
0,86,63,92,7
0,104,69,72,13
1,88,39,16,0
0,99,75,97,20
0,92,71,90,6
1,18,4,23,2
0,88,67,78,9
0,83,65,65,12
2,111,84,130,22
2,115,77,120,19
2,111,68,111,15
2,99,70,101,16
2,100,78,113,28
0,85,64,72,15
1,39,31,14,0
1,49,31,11,2
0,94,71,91,17
0,101,86,81,22
1,23,16,42,7
0,117,75,90,9
2,101,79,129,22
1,38,26,16,2
2,102,70,102,15
0,106,76,87,8
0,102,83,78,19
0,82,63,60,8
1,45,23,19,0
1,29,23,4,1
0,80,64,48,7
0,99,65,67,3
2,114,86,102,7
1,19,22,1,2
1,14,13,0,1
0,109,69,87,13
0,95,71,64,4
1,35,24,14,4
0,96,72,73,7
0,87,73,57,3
2,109,77,117,22
0,86,61,56,5
0,111,77,92,26
2,112,75,119,16
2,103,71,116,13
2,104,68,127,21
0,100,65,98,7
2,114,80,100,22
2,102,77,107,20
0,97,67,82,13
0,92,68,72,9
1,47,45,7,4
1,39,35,11,0
1,52,36,17,1
0,93,61,64,9
0,76,73,93,7
0,77,61,52,6
0,84,69,70,3
2,107,78,106,14
0,84,66,55,6
1,43,36,9,2
2,97,79,101,10
2,104,74,131,22
0,104,83,84,19
0,89,64,71,5
1,45,36,7,0
1,94,43,33,5
1,43,30,12,1
1,46,32,8,0
0,82,70,74,11
1,46,35,15,1
0,110,101,80,11
2,112,80,124,26
1,36,26,3,0
2,102,83,110,20
2,122,72,106,21
0,94,55,81,6
0,94,70,85,6
2,111,73,120,32
1,35,31,7,2
0,86,74,71,7
2,127,79,126,32
2,124,113,133,10
1,48,39,19,3
1,51,29,11,3
0,93,60,89,13
1,64,28,14,3
1,40,26,14,1
0,99,62,84,9
1,41,36,8,2
1,15,18,1,0
0,93,71,69,7
0,96,62,88,6
2,142,75,113,14
2,118,81,161,28
2,96,86,104,12
1,85,39,10,0
0,90,79,65,10
0,103,72,82,9
0,95,69,78,8
0,86,74,79,6
1,36,32,11,0
1,48,35,12,0
0,94,62,66,10
0,98,59,60,18
1,41,25,13,1
2,112,85,102,16
0,103,89,83,17
1,41,32,8,1
0,87,64,74,11
1,97,46,23,2
0,94,57,76,12
1,22,5,14,0
0,88,69,66,8
0,91,68,99,21
2,100,72,110,20
1,42,31,8,0
0,91,67,86,14
1,32,34,10,3
0,97,73,88,16
0,97,60,89,6
0,92,62,71,11
2,116,88,138,19
2,110,96,107,16
0,83,67,39,5
1,37,29,11,3
1,41,29,11,0
0,94,59,49,5
0,98,69,71,8
0,93,78,78,10
0,108,82,97,14
0,99,85,81,18
0,97,57,96,11
0,109,84,85,16
2,107,75,103,11
0,102,72,79,6
0,99,72,75,16
0,100,75,84,12
2,119,80,112,29
1,55,29,8,0
2,101,78,106,13
2,116,82,113,8
0,91,64,76,9
0,94,79,80,14
0,82,70,94,9
2,110,77,121,16
0,91,67,88,7
1,41,31,7,0
0,94,67,76,9
0,94,72,74,5
0,95,87,81,14
0,101,79,91,10
0,83,62,52,6
2,93,69,121,13
2,104,68,106,18
1,50,46,19,0
2,149,110,109,15
2,104,70,104,18
0,85,62,85,8
0,88,69,59,10
2,98,86,109,19
1,56,46,17,1
1,48,39,14,0
2,109,83,109,17
0,93,57,86,16
1,41,27,11,3
1,46,33,12,0
0,93,52,66,5
1,15,12,5,2
2,104,98,112,16
2,112,74,123,16
0,99,71,83,14
0,106,76,97,10
0,110,75,84,8
0,92,57,62,7
0,104,71,91,15
1,22,14,8,0
0,90,75,78,11
0,100,76,80,8
0,92,75,86,1
2,122,113,125,12
0,59,59,91,12
1,48,33,16,2
1,51,31,13,3
2,100,69,107,11
0,91,60,68,7
0,97,71,81,19
2,97,70,106,23
1,44,30,9,0
2,97,75,106,8
1,36,21,18,2
1,57,40,5,2
1,35,30,8,0
1,15,16,1,4
2,106,87,130,13
0,98,69,61,8
0,100,65,79,10
1,17,15,2,0
0,89,74,86,10
0,99,74,73,10
1,59,34,16,2
1,49,36,8,0
2,109,90,104,11
1,11,11,4,0
1,34,32,7,1
2,106,86,149,24
0,96,66,81,14
0,71,66,42,6
0,85,61,65,0
1,35,16,11,0
0,93,76,97,13
0,89,68,74,11
0,99,70,84,12
0,102,78,97,17
1,112,45,12,0
0,99,80,82,5
0,98,73,85,18
0,87,57,80,8
0,92,66,72,10
0,83,69,57,12
1,34,27,16,3
0,83,64,58,6
0,82,62,40,4
1,46,28,14,0
0,99,66,100,19
0,96,92,78,11
2,114,71,120,10
0,87,65,77,12
1,34,19,12,1
1,44,39,11,0
0,91,66,73,5
1,47,30,14,0
0,91,67,79,11
1,31,26,3,2
2,110,73,108,20
1,27,22,22,2
0,100,71,79,6
1,42,31,13,0
0,100,69,80,6
1,44,27,13,0
0,96,63,69,14
2,111,87,134,17
0,99,66,101,21
1,12,16,15,3
2,110,71,103,8
0,93,70,70,7
0,91,83,75,8
1,83,29,18,0
2,96,72,104,7
1,76,41,23,1
0,92,65,64,16
0,104,72,94,14
2,115,83,150,19
0,95,70,78,9
2,102,81,112,13
0,95,83,74,7
1,35,26,8,5
0,93,67,91,13
1,38,19,9,0
2,104,82,114,17
0,82,67,89,19
0,97,66,74,11
1,60,29,7,3
0,98,67,60,8
2,103,79,113,20
1,33,28,14,2
0,85,65,77,11
2,114,84,143,31
2,125,110,162,19
1,29,25,8,2
0,106,75,74,7
2,104,70,101,23
1,42,28,17,2
1,29,28,14,0
0,104,72,93,15
2,112,78,104,20
1,44,31,16,2
0,107,78,98,5
1,28,24,15,0
0,97,92,64,5
0,98,61,80,13
0,94,83,71,11
1,36,20,8,2
2,119,77,118,16
2,112,81,127,16
0,86,64,59,3
1,35,20,10,3
0,99,82,86,7
0,104,67,92,7
2,101,60,114,9
2,98,75,132,11
1,54,40,9,2
0,91,66,81,7
2,106,78,119,11
2,110,79,117,25
1,51,34,17,1
0,85,63,67,2
2,91,78,113,7
0,97,67,73,13
0,100,69,78,16
2,91,83,112,20
2,101,69,107,10
1,45,36,5,2
0,93,76,76,12
0,101,74,80,1
0,98,75,98,12
1,80,42,22,5
2,101,74,116,9
2,100,87,104,12
0,101,76,90,19
0,109,75,64,17
0,90,74,75,8
1,30,26,5,0
1,42,31,17,1
2,119,106,143,20
0,86,62,58,3
0,95,85,88,6
1,30,24,7,0
2,109,76,114,13
2,98,75,101,8
1,31,22,6,2
0,90,66,80,7
2,102,68,108,17
0,97,62,83,13
2,129,114,125,19
0,93,63,62,13
2,101,50,123,10
2,100,74,113,17
2,97,75,109,2
0,104,78,89,12
1,51,33,8,0
0,91,76,94,15
2,119,80,129,13
1,47,28,9,0
1,46,26,10,2
0,96,66,75,6
2,125,95,144,22
0,89,60,56,7
1,42,37,16,2
1,35,33,4,1
1,49,29,10,0
0,82,62,73,8
0,96,66,96,9
2,112,60,103,8
0,91,63,73,9
2,109,88,105,16
0,81,64,44,4
2,107,77,151,28
0,87,74,88,15
0,97,69,96,12
1,38,27,10,2
2,109,73,119,10
2,109,78,116,18
2,102,71,150,17
1,11,11,8,0
1,32,31,4,1
0,98,67,82,11
2,118,92,150,23
0,85,72,89,16
0,98,63,93,13
1,31,22,9,3
0,111,98,68,8
2,108,91,107,14
1,54,31,21,6
0,77,65,53,2
0,87,71,78,9
0,100,75,72,14
0,92,67,80,6
2,93,79,104,12
2,109,73,108,7
2,113,84,131,10
2,99,63,108,14
0,96,70,88,6
1,56,32,11,0
2,107,84,100,8
2,115,70,118,7
2,88,77,102,22
2,116,76,114,14
1,49,23,11,0
0,97,77,87,4
1,37,29,14,3
2,100,87,103,17
2,108,79,116,10
1,9,8,27,0
2,116,85,117,19
1,32,26,6,0
0,97,65,67,10
2,112,80,119,13
2,103,79,103,10
0,96,68,62,16
1,43,39,11,4
1,52,29,16,0
2,92,69,104,11
2,113,82,121,6
1,32,19,7,3
0,101,71,96,9
0,81,65,76,4
0,96,63,76,7
1,44,23,12,1
1,34,32,11,4
2,122,106,117,12
0,87,66,75,10
0,94,78,85,13
1,91,52,21,1
2,90,69,108,7
0,95,65,76,8
0,106,73,94,5
0,92,70,71,7
1,45,33,12,5
0,96,62,90,8
2,130,123,181,24
0,105,73,75,10
0,89,63,78,16
1,30,26,8,4
2,122,81,141,18
0,108,78,96,23
2,83,71,107,21
2,103,53,113,11
0,105,64,59,12
2,91,70,120,10
1,104,57,21,4
1,41,31,10,0
1,43,35,8,1
0,100,71,83,6
0,106,76,77,12
0,89,62,74,2
0,105,86,96,8
2,85,78,135,10
0,98,68,80,14
2,109,84,148,30
0,93,77,68,16
0,98,85,88,20
2,101,83,102,20
1,106,48,31,1
2,107,80,110,9
0,98,59,73,9
2,103,74,119,27
1,24,23,10,4
2,112,75,118,28
1,41,31,22,0
1,14,13,6,2
2,117,87,150,23
0,100,66,97,4
1,39,36,7,6
0,79,60,71,3
1,19,26,17,0
2,101,81,111,13
1,33,26,10,1
2,130,109,110,15
0,100,78,86,16
0,100,73,70,11
1,41,41,4,0
1,81,28,25,0
0,89,78,58,7
1,90,46,29,2
0,96,63,93,8
1,59,50,15,0
0,111,73,85,8
2,142,121,197,35
2,113,87,118,20
2,112,78,117,15
1,59,54,20,0
0,91,81,80,3
0,97,63,79,11
1,43,30,17,3
0,109,70,97,18
1,12,19,15,0
0,104,73,92,9
1,38,22,11,3
1,39,35,10,4
0,82,68,70,8
1,40,30,15,0
2,107,65,109,15
1,36,25,6,0
1,43,31,12,0
0,92,73,63,13
0,98,67,82,16
1,13,14,4,0
0,88,85,89,4
1,30,11,13,1
1,43,32,13,2
0,99,77,75,15
1,93,50,22,4
0,93,76,86,12
0,99,75,67,3
2,95,78,108,20
0,90,78,89,9
1,46,29,11,4
1,42,35,15,1
0,98,71,95,13
1,25,27,16,3
2,100,76,114,17
0,97,65,74,8
0,88,73,79,13
2,112,82,159,15
0,95,54,66,6
0,90,72,86,4
0,80,65,50,7
1,14,18,6,0
0,85,64,68,8
2,106,98,126,26
0,86,67,60,6
2,106,76,107,16
0,85,61,77,16
0,84,76,79,4
0,78,60,64,4
0,81,62,59,10
0,86,69,72,9
1,81,40,19,3
2,116,86,176,19
2,111,79,110,23
0,96,61,58,8
1,36,23,11,4
0,114,85,95,11
2,106,71,130,24
0,89,64,57,3
0,87,62,71,5
1,12,13,5,0
2,108,97,126,18
0,94,67,53,6
0,82,66,63,0
0,95,71,77,7
1,14,16,8,0
1,40,31,14,1
1,32,31,9,1
1,51,27,11,1
2,97,78,100,17
0,101,68,84,12
1,45,32,13,2
0,103,67,97,8
0,81,68,65,13
1,37,33,15,4
0,100,70,97,17
0,107,59,84,10
0,86,67,76,10
0,78,45,72,7
2,116,68,149,23
0,106,96,91,13
2,108,80,111,23
1,97,42,15,0
2,115,78,122,24
2,112,78,140,12
0,97,71,88,8
2,107,67,102,24
1,58,34,14,1
1,44,28,14,0
0,96,76,94,3
0,88,61,85,7
0,98,63,87,10
0,89,62,76,7
2,94,80,106,12
0,96,54,89,10
1,40,16,12,1
0,107,72,90,10
2,102,87,100,12
1,50,36,8,0
2,108,70,109,16
2,99,88,122,25
2,104,82,109,16
1,37,31,5,2
1,45,40,17,0
2,108,78,108,20
0,89,68,49,7
1,48,36,6,3
0,102,79,79,10
1,44,31,15,3
2,116,73,144,15
2,118,84,128,28
1,45,33,9,2
1,47,29,13,3
0,115,72,99,18
1,47,25,12,1
1,45,14,16,0
0,84,70,89,4
2,108,78,134,13
0,82,63,81,9
0,99,71,81,13
0,92,68,87,17
0,78,71,75,2
2,113,85,150,15
2,119,95,184,28
0,83,61,42,6
1,56,38,10,0
0,99,74,99,14
1,13,16,15,3
1,94,49,14,3
0,92,71,99,16
2,111,82,102,9
2,106,94,103,16
1,13,11,3,4
1,90,46,20,1
2,108,80,125,19
1,48,39,15,4
1,37,32,12,3
2,103,80,113,23
0,86,78,96,10
0,99,68,80,13
2,108,78,156,28
2,92,79,110,18
1,43,31,12,1
0,93,58,80,12
1,52,43,15,0
1,44,34,18,0
2,96,70,118,10
1,28,17,10,4
2,125,86,183,27
2,105,72,106,15
1,38,31,13,4
0,117,82,92,10
0,81,69,67,4
0,95,81,74,16
2,117,77,129,11
2,101,70,109,9
0,83,72,84,3
1,28,24,13,4
2,115,86,141,17
0,99,78,69,11
0,100,73,78,14
0,89,68,71,5
2,111,94,101,18
0,97,64,92,16
1,41,31,11,2
0,94,64,76,15
0,94,54,62,8
0,82,59,85,6
2,121,54,130,30
2,113,87,168,19
0,95,67,82,11
2,110,83,123,21
1,43,31,11,0
1,41,29,7,0
2,102,78,130,14
1,11,9,5,0
0,105,55,70,7
0,90,76,71,11
0,84,62,66,11
2,97,77,110,12
0,99,73,66,9
2,93,76,120,13
1,38,28,13,0
1,43,23,10,0
1,48,40,15,2
2,107,85,126,19
1,37,29,9,1
1,84,46,9,1
2,121,88,168,20
0,92,65,70,7
2,100,82,117,15
2,98,94,126,12
0,106,65,93,8
0,79,71,43,1
0,107,70,77,3
1,85,45,19,0
1,28,22,8,0
2,114,84,136,11
0,90,68,68,7
2,84,64,105,9
1,51,32,12,1
1,41,32,17,0
1,29,24,4,2
0,102,65,96,10
0,84,64,53,8
1,37,18,20,2
1,52,34,14,0
1,35,36,9,0
2,100,67,116,12
0,102,76,59,10
2,107,76,105,8
1,55,21,12,0
0,100,72,84,15
0,63,60,48,2
0,81,55,80,6
1,38,26,6,2
2,95,73,102,13
0,79,55,49,12
2,99,68,133,13
0,100,76,83,11
1,48,32,20,0
0,97,80,80,2
1,89,41,32,5
2,104,79,102,10
2,95,71,103,12
1,41,22,14,5
2,94,78,105,9
1,85,46,25,2
0,87,62,64,8
1,42,33,12,0
2,104,79,120,19
2,110,82,141,26
1,39,25,16,1
0,105,67,90,9
0,101,70,91,11
1,28,20,5,0
0,69,57,49,0
2,116,76,101,8
0,104,85,91,13
2,120,79,135,19
0,97,76,64,5
1,77,52,17,1
0,91,80,97,10
0,85,53,48,5
2,113,75,104,12
1,36,32,16,0
0,91,73,61,7
1,43,29,13,4
0,97,67,91,11
0,84,70,71,15
1,36,37,16,0
0,94,61,83,8
0,103,67,80,18
0,92,72,87,12
1,49,26,14,0
0,94,62,96,8
0,103,78,77,14
0,82,32,67,11
1,88,45,41,1
0,87,62,77,11
0,85,54,64,3
0,93,69,78,6
1,18,35,21,0
1,55,32,21,2
2,99,72,105,17
2,114,75,120,25
2,89,81,108,12
1,16,16,3,0
0,91,68,57,9
0,89,54,94,11
0,98,70,100,12
1,91,36,28,2
0,97,68,94,10
2,89,73,106,13
2,103,70,113,10
0,95,71,55,8
1,34,22,16,4
2,121,87,138,34
0,77,60,64,5
0,100,63,84,14
2,111,76,107,15
0,110,75,93,3
1,40,32,17,0
0,92,74,90,8
0,97,81,94,8
0,91,66,70,12
0,95,71,82,15
1,42,29,14,0
0,93,64,84,13
2,97,79,138,16
2,99,80,110,15
0,106,76,92,14
1,41,33,4,0
0,85,62,71,4
1,35,14,9,1
2,102,83,118,15
0,93,70,88,13
2,130,110,153,32
0,98,71,85,19
2,112,77,113,16
2,91,64,103,15
1,40,25,12,0
1,50,28,24,0
1,54,32,13,3
0,110,68,88,11
1,51,28,14,0
0,96,76,85,12
2,103,71,118,32
0,75,66,51,9
1,47,30,17,4
2,113,82,115,15
0,97,73,75,6
0,84,44,60,8
1,40,29,8,0
0,105,71,93,16
0,81,69,66,10
1,53,43,12,2
2,95,83,106,11
1,23,18,8,1
0,70,62,56,4
0,100,67,76,9
0,84,53,58,7
0,100,77,97,11
1,40,28,11,0
1,41,32,12,2
0,105,81,95,8
1,31,25,5,1
1,84,34,11,1
2,103,73,131,19
2,104,72,127,12
0,89,60,67,11
2,115,73,110,11
1,44,39,11,6
1,40,22,5,2
0,84,59,61,5
1,32,24,7,3
0,85,67,72,14
2,112,64,119,21
0,93,67,74,9
1,42,39,25,0
0,105,64,95,18
0,106,69,87,10
0,112,84,95,15
1,12,12,5,0
0,103,48,83,9
0,97,64,57,17
2,110,78,108,16
1,46,20,10,2
2,102,71,109,20
2,112,87,112,13
1,34,29,11,4
1,54,32,20,0
2,103,67,107,22
0,87,68,70,14
1,103,40,22,2
0,93,62,83,15
2,104,83,107,16
1,38,25,12,2
0,93,66,81,16
1,44,28,16,0
0,82,74,90,5
0,92,56,51,13
1,30,23,5,2
1,12,18,6,1
0,106,86,84,6
2,132,101,115,13
2,101,85,111,25
2,115,86,125,16
1,37,25,13,0
1,36,28,14,4
2,117,89,148,11
0,90,71,60,14
0,91,62,65,6
1,11,9,8,3
0,98,69,78,14
0,85,62,78,13
2,105,87,158,13
0,95,66,98,15
2,116,97,109,20
0,91,67,59,5
2,103,79,126,17
1,32,27,7,2
2,112,78,138,16
1,35,27,13,3
2,112,76,157,16
2,86,70,101,15
1,35,24,10,0
2,107,84,103,18
1,37,27,7,0
0,94,65,88,10
1,99,59,15,1
0,89,65,80,8
0,101,68,84,8
2,113,72,108,10
2,91,71,108,15
1,46,29,9,1
0,93,66,99,5
2,102,73,117,25
0,88,65,64,11
0,80,60,54,8
1,32,20,11,2
2,95,76,123,22
1,78,37,20,1
0,95,82,94,10
0,97,76,51,5
1,38,28,24,2
0,77,69,52,7
0,91,60,95,11
1,43,28,10,0
1,48,38,12,0
2,105,82,135,26
1,37,30,12,0
2,116,78,118,13
1,30,19,7,2
0,95,73,88,17
2,99,82,111,12
1,79,35,22,3
0,90,62,86,19
2,95,81,104,19
2,110,71,104,28
1,87,35,17,0
1,39,32,10,0
0,109,74,55,9
1,43,30,14,0
0,99,76,74,4
2,93,78,114,10
0,102,80,87,15
1,46,28,10,0
1,48,27,10,0
2,100,76,100,5
2,106,73,118,27
0,97,70,90,7
2,106,69,128,8
1,73,40,25,0
2,108,75,107,30
1,49,26,19,0
0,99,68,95,10
0,101,68,93,19
1,49,31,17,3
1,40,25,8,0
2,107,84,105,14
0,106,80,74,10
1,48,32,5,0
1,35,34,16,3
0,107,70,99,11
0,84,74,86,11
1,41,27,15,3
1,29,28,18,2
0,95,76,87,15
2,100,73,106,24
0,106,80,98,11
2,107,72,100,8
1,33,26,11,0
0,96,68,82,6
1,29,23,10,2
1,19,22,9,0
0,102,72,83,13
0,105,59,88,16
2,85,79,128,16
2,95,75,113,13
0,100,55,85,9
0,87,64,96,6
1,46,40,11,2
0,96,72,94,12
1,45,27,13,0
0,95,61,39,5
0,106,69,95,13
2,124,82,182,27
0,77,65,87,10
2,115,65,121,18
0,83,61,59,4
0,87,64,83,8
1,41,33,16,0
1,39,32,3,2
0,91,66,77,15
2,114,79,128,20
2,96,79,126,2
1,31,26,6,0
0,93,82,78,14
2,111,63,134,11
1,82,36,29,3
0,91,63,72,10
0,90,57,76,5
2,98,80,99,20
1,33,27,8,0
0,88,68,69,8
1,38,28,14,1
0,108,86,96,25
2,127,111,117,13
0,96,61,79,13
0,83,75,82,6
1,32,22,8,1
2,104,83,105,20
0,99,61,96,8
0,90,64,77,11
1,42,36,13,2
0,85,64,84,0
1,51,26,18,3
1,99,45,27,6
0,80,64,78,8
0,86,69,57,8
1,39,29,13,0
1,37,24,16,0
2,102,56,136,18
2,109,89,150,19
0,110,79,98,9
1,46,27,18,4
0,89,69,93,17
2,116,49,118,8
1,45,35,13,0
0,91,79,85,14
2,111,74,112,16
1,27,27,18,0
0,99,70,66,10
0,89,67,98,18
2,113,72,116,21
1,31,22,10,0
0,91,80,82,11
1,41,28,17,0
1,50,29,26,0
1,30,29,11,0
2,114,80,141,20
2,107,69,114,20
0,74,65,61,11
2,108,83,102,19
1,52,31,18,0
0,79,69,67,9
1,52,38,10,1
2,130,59,148,26
0,74,62,89,6
2,114,74,134,34
2,126,79,175,20
0,104,75,68,20
1,96,50,21,0
0,92,66,75,2
0,98,71,80,10
2,86,85,100,12
0,91,78,82,4
1,14,15,8,0
0,96,61,97,13
0,77,69,83,6
0,89,73,85,6
2,95,75,100,18
1,13,13,4,2
2,113,79,108,24
0,74,63,44,3
0,91,70,90,10
0,101,71,88,7
2,109,87,148,15
1,13,12,2,0
2,111,80,132,16
2,104,73,131,12
0,101,72,82,10
0,86,68,61,13
0,93,61,60,18
0,89,69,75,5
1,55,40,18,0
1,30,25,8,0
0,93,66,66,11
0,93,88,77,12
1,45,33,19,0
1,35,27,9,1
0,87,62,95,11
1,40,31,12,5
0,100,67,80,4
2,116,68,121,16
2,125,83,125,20
0,72,55,59,6
0,107,72,70,5
2,111,76,121,14
1,49,30,19,6
2,83,41,107,9
2,104,67,124,12
1,25,16,12,3
0,92,58,74,16
2,109,81,107,15
1,53,36,12,2
1,46,32,18,0
0,90,65,67,13
1,47,37,19,2
1,37,23,14,0
2,94,70,141,16
0,91,66,76,11
0,69,51,60,4
2,95,68,107,12
1,83,39,22,2
1,44,28,6,1
0,94,66,74,8
2,112,74,149,17
1,41,24,11,0
0,90,70,56,9
2,99,75,116,24
0,82,67,65,7
1,54,42,17,0
0,100,74,73,11
1,36,20,14,3
1,36,22,11,0
2,93,68,120,20
1,42,31,8,0
2,100,83,101,11
2,100,81,132,15
0,109,69,95,4
1,29,26,11,2
2,109,88,191,23
0,93,58,77,7
2,124,76,123,8
0,101,61,81,5
0,98,85,88,9
0,97,67,91,18
1,16,15,6,2
0,95,75,99,9
0,95,74,80,19
0,102,80,98,18
2,95,65,124,8
1,41,32,12,1
2,106,73,117,14
2,101,78,114,13
0,94,73,85,23
0,93,73,81,13
2,109,59,105,7
0,90,69,67,8
0,100,70,83,9
1,32,23,9,0
0,102,80,87,12
0,91,67,66,17
1,95,41,18,2
2,112,84,117,23
2,121,84,115,14
2,105,84,106,10
0,95,63,86,7
0,99,73,70,9
0,108,70,100,12
0,97,78,91,15
0,97,65,67,9
1,40,30,10,3
1,43,32,17,0
1,93,49,20,0
0,96,67,100,16
1,38,31,30,5
0,108,76,95,6
0,102,83,86,8
2,93,88,103,15
0,90,68,85,15
0,89,68,63,10
2,110,73,103,19
1,45,37,16,1
0,88,66,68,8
1,12,14,4,3
0,109,81,96,15
0,105,77,63,8
2,117,70,110,20
1,48,43,11,0
2,113,80,160,17
2,103,70,121,13
0,96,67,83,13
0,91,77,88,10
0,103,57,78,9
1,43,32,8,1
0,103,75,99,8
2,102,70,122,14
2,101,73,117,15
1,47,31,12,0
1,38,20,15,0
0,101,65,73,7
0,71,57,48,2
1,30,22,9,1
0,94,65,46,5
0,93,68,84,17
1,48,32,12,0
2,114,52,113,13
0,99,70,87,16
1,35,29,11,0
0,88,73,59,9
0,81,64,57,5
0,92,67,73,7
0,81,60,70,21
1,45,28,11,4
1,90,43,24,0
2,92,61,114,14
0,105,73,72,4
0,90,72,64,5
0,87,65,77,7
0,102,66,82,18
0,81,64,63,6
2,105,76,139,17
1,89,40,24,3
0,100,78,75,10
0,88,57,71,9
1,31,26,12,0
1,13,15,16,4
1,37,32,14,0
2,103,81,129,18
0,109,73,93,15
0,106,78,96,12
2,110,82,133,15
0,113,71,93,9
0,96,42,53,3
0,102,81,82,9
1,94,52,36,2
0,105,68,84,7
0,102,59,91,12
0,82,68,83,7
2,106,72,128,19
0,103,77,84,12
1,16,19,15,2
0,99,74,69,8
1,14,9,10,0
0,75,69,75,6
2,109,71,103,18
2,100,75,124,25
2,105,78,129,13
1,40,31,11,2
0,90,63,81,11
1,36,25,20,1
0,102,57,92,11
1,50,22,14,5
0,93,83,76,12
2,102,77,104,10
0,91,53,59,6
0,95,62,98,12
1,42,34,13,1
1,51,30,12,0
2,113,100,147,20
0,82,68,66,5
0,99,77,89,10
1,73,32,14,2
2,105,73,115,20
0,101,59,83,3
0,86,73,92,11
1,46,26,13,0
0,93,65,98,13
0,84,79,81,11
1,33,26,14,0
0,94,82,76,9
2,109,74,135,15
1,84,41,23,0
2,104,75,129,25
1,82,30,15,3
0,85,61,72,4
2,112,69,105,10
1,37,23,14,1
0,99,68,68,7
1,48,24,18,0
0,100,65,99,9
0,102,74,90,12
2,111,77,121,9
0,108,73,91,12
1,43,31,15,0
1,54,38,11,0
2,111,90,137,19
0,97,72,68,8
2,96,65,137,22
1,39,33,9,0
0,100,69,99,7
2,98,84,116,6
2,91,83,121,21
2,104,86,107,11
0,80,60,77,9
2,98,81,105,10
0,96,65,85,8
2,102,71,115,23
0,88,59,64,11
1,12,9,15,6
0,107,68,88,15
0,81,59,42,12
0,112,84,82,7
0,110,95,75,6
0,106,79,94,14
2,121,88,134,11
1,52,38,14,1
1,12,14,9,3
1,46,28,10,3
1,37,23,15,0
0,108,62,85,9
0,98,81,74,10
0,88,68,61,6
0,91,68,67,13
0,86,68,71,8
2,99,70,101,7
0,99,69,82,11
2,117,90,114,10
1,36,25,14,0
1,35,28,5,2
1,51,31,16,1
2,107,72,118,20
2,97,77,101,11
0,86,58,64,9
2,95,79,110,16
0,93,52,75,14
0,90,70,87,8
0,96,60,74,2
2,98,74,113,21
0,98,59,84,19
2,111,81,149,17
2,109,81,120,22
1,44,21,19,3
0,90,68,59,11
2,107,88,117,15
2,94,71,105,11
0,92,88,76,7
2,94,77,99,11
2,106,69,118,6
2,109,76,122,20
1,46,26,17,0
0,97,78,90,14
1,30,26,18,4
0,90,72,89,9
2,115,72,105,13
2,108,92,124,19
1,42,34,13,0
0,105,65,99,9
2,108,75,116,12
0,101,62,85,17
0,103,76,95,12
1,32,26,4,0
0,86,70,76,18
2,108,76,104,9
0,89,56,78,4
2,99,72,104,13
2,124,88,157,15
1,24,23,6,0
2,109,91,131,22
1,26,27,7,2
2,101,72,107,8
1,46,30,14,1
0,98,72,99,14
2,109,69,137,11
0,95,73,88,8
0,90,63,70,17
2,117,87,159,14
2,103,67,135,24
1,43,23,12,0
0,96,63,74,13
0,81,56,61,10
2,113,85,112,26
0,82,67,77,12
1,71,32,53,15
2,120,87,154,24
0,101,77,60,16
1,28,27,7,0
1,46,36,24,5
0,108,88,71,7
0,104,91,94,13
1,80,43,25,1
1,40,22,10,1
2,115,78,156,19
0,108,79,97,12
1,76,41,12,3
2,103,79,115,14
0,94,83,74,17
1,46,35,18,0
1,83,44,21,3
2,107,67,105,13
1,41,30,18,0
1,34,25,26,2
2,98,77,122,16
1,37,34,19,3
1,30,21,8,0
2,102,79,133,20
2,106,61,106,10
2,97,73,111,20
1,82,60,33,3
0,85,56,72,10
2,120,85,187,33
0,86,65,80,8
1,37,24,19,4
1,36,32,13,2
2,115,77,135,17
0,74,72,64,4
1,36,31,3,2
0,96,65,101,17
2,99,79,99,8
1,36,26,8,0
0,97,69,93,25
0,75,64,60,3
0,108,72,83,14
0,89,62,53,13
1,58,24,20,0
2,117,81,136,13
2,99,83,101,15
1,39,36,9,0
0,107,70,93,6
2,113,86,119,12
2,118,109,129,13
1,40,35,7,0
1,48,28,16,4
2,100,76,103,10
0,87,68,69,5
0,107,76,81,14
2,123,75,130,17
0,94,73,71,8
0,89,69,91,6
0,101,74,78,9
1,12,9,8,0
1,40,24,12,0
0,104,69,98,9
1,11,7,31,5
2,97,77,99,18
1,46,35,14,0
1,46,27,13,0
1,38,29,11,2
2,100,88,126,12
2,105,87,112,17
1,36,30,8,4
0,97,68,83,10
1,39,22,19,2
0,102,74,97,11
1,39,24,17,0
0,86,65,67,5
2,100,60,111,18
1,43,30,8,3
1,35,28,11,0
0,97,64,75,8
2,87,65,102,13
0,91,69,63,7
2,106,80,134,19
1,43,30,13,0
2,129,59,165,29
1,47,36,16,0
0,104,83,81,7
2,100,69,101,22
1,30,23,11,0
0,83,78,62,0
2,113,77,105,5
2,87,68,102,10
1,50,37,23,0
2,109,76,103,27
2,121,84,163,31
0,96,65,56,9
0,94,78,75,9
0,98,55,85,7
1,41,27,8,0
1,56,33,9,4
2,118,82,151,24
2,119,71,120,10
0,101,85,73,6
1,45,25,14,0
0,103,62,84,19
2,96,76,117,26
1,39,26,12,0
1,35,27,11,0
1,45,37,25,0
0,107,73,85,18
2,106,83,119,17
2,109,82,117,13
0,107,74,95,20
0,91,63,59,0
0,75,84,54,9
1,35,25,11,1
2,111,72,101,9
2,98,69,145,21
0,104,71,61,5
1,51,28,17,1
0,108,72,98,16
0,77,58,63,5
0,86,68,54,15
0,111,82,92,16
1,97,54,27,0
0,89,61,73,8
0,98,65,87,21
0,103,73,91,19
2,117,73,114,20
0,101,63,69,18
2,115,80,158,24
1,36,27,25,4
1,36,18,17,3
0,92,59,65,7
2,101,64,105,10
2,109,88,113,16
1,35,27,12,0
0,87,79,76,17
1,98,55,19,0
0,96,61,89,14
1,31,36,12,0
0,84,70,84,7
0,111,62,100,9
0,87,70,69,10
1,36,26,15,4
0,101,71,87,5
2,82,80,104,18
0,95,60,81,1
2,112,83,123,20
0,94,70,94,10
2,112,77,144,19
0,98,76,73,7
1,39,23,11,3
0,79,78,72,10
0,93,56,83,8
1,56,45,22,1
2,117,77,125,17
2,100,73,109,14
0,92,83,53,10
0,85,60,65,9
2,108,78,119,19
2,106,79,100,6
2,91,79,107,14
0,102,72,91,16
2,117,79,172,34
0,93,73,92,9
2,118,75,129,21
0,84,61,73,11
1,43,27,12,2
1,30,18,13,0
2,106,77,104,10
0,105,71,96,17
2,116,84,102,22
0,94,66,55,6
0,96,70,75,5
2,122,102,136,30
2,109,81,154,24
0,97,75,83,19
0,95,69,100,6
0,88,64,83,8
0,100,66,65,17
2,96,80,112,11
1,43,30,4,0
2,120,110,150,27
0,96,59,100,17
0,98,73,76,15
2,112,74,116,12
0,92,67,66,9
0,90,63,55,8
0,96,65,99,16
2,114,66,111,11
1,39,32,4,0
0,89,68,70,10
0,108,73,83,7
0,86,65,71,13
0,99,65,93,10
1,29,15,16,0
0,76,52,64,6
2,116,73,138,12
2,100,58,113,13
2,109,72,105,22
0,112,68,80,10
0,81,76,72,11
0,87,72,94,10
2,106,75,122,18
0,99,77,86,9
2,96,72,135,7
2,114,100,109,7
2,99,68,138,12
1,33,31,7,0
2,96,67,108,14
2,104,66,115,21
0,97,61,72,10
0,90,72,79,6
0,104,65,75,11
0,96,67,65,7
2,102,66,109,19
0,97,66,81,2
1,47,33,15,1
2,114,104,95,12
2,95,76,111,7
0,96,70,77,9
1,86,43,27,0
0,96,64,79,7
1,37,31,9,0
0,95,62,77,9
1,46,28,14,0
2,124,70,108,15
0,97,64,81,20
2,124,117,140,25
1,27,26,5,1
1,50,37,22,1
0,104,69,89,11
2,85,68,102,17
0,90,77,86,10
0,104,75,95,5
1,59,39,26,0
0,103,73,89,7
2,98,79,119,14
0,105,72,89,17
0,105,84,91,12
0,83,58,76,9
1,40,26,15,2
1,44,21,7,0
0,92,76,68,15
0,104,69,96,30
0,89,75,83,12
0,100,68,72,7
0,90,66,93,9
0,100,78,88,10
2,119,89,151,30
2,98,69,141,28
1,51,43,22,2
0,94,75,54,8
2,103,75,129,17
0,86,75,75,2
1,46,25,11,0
1,100,42,25,0
2,97,70,110,12
2,109,87,117,18
0,94,63,73,4
2,111,85,125,22
1,43,28,10,0
1,95,47,17,0
2,101,74,106,13
1,39,23,10,0
1,42,25,16,1
0,105,67,81,3
0,100,80,88,17
1,37,19,11,0
1,28,22,6,0
2,94,66,102,8
2,118,85,126,19
0,100,63,86,17
0,90,51,64,7
0,92,67,84,0
2,112,56,112,19
2,106,68,113,14
2,107,79,106,15
2,85,68,105,10
1,40,18,16,0
0,87,59,83,9
0,91,70,61,10
1,44,27,11,0
0,103,67,78,16
0,99,77,94,13
1,48,31,16,2
0,99,64,70,6
0,88,62,92,14
0,103,65,70,11
2,92,76,126,18
1,39,21,21,1
0,97,69,82,8
1,33,21,11,0
1,32,28,7,1
2,104,68,113,7
0,107,63,86,20
1,38,30,11,1
0,85,57,69,10
0,92,71,76,6
0,90,69,49,8
2,104,96,138,24
0,97,54,72,5
2,129,83,169,22
2,97,73,106,14
2,93,77,104,16
2,113,89,151,12
2,94,76,103,12
1,31,9,12,0
1,15,14,5,2
2,110,63,107,17
0,106,75,59,9
0,94,67,78,18
1,45,38,13,0
1,35,28,15,1
0,107,64,89,12
0,87,65,82,13
2,103,59,103,14
2,107,72,121,16
2,111,84,111,19
2,103,75,109,16
2,119,74,140,21
1,30,20,9,0
0,96,66,82,5
0,86,68,80,7
0,102,81,77,9
0,99,83,95,16
1,35,28,11,2
2,113,74,116,20
1,15,18,14,9
1,43,30,13,1
1,12,12,14,1
0,82,61,66,5
2,110,70,126,17
1,25,19,20,1
0,88,51,69,6
0,79,73,92,16
1,41,32,7,7
1,56,39,12,2
0,103,70,96,4
1,35,23,8,0
0,105,91,85,22
0,92,73,67,18
0,91,73,80,13
1,40,29,13,0
0,86,63,77,10
1,45,35,21,3
0,86,75,75,15
0,97,87,83,7
0,95,65,80,5
0,97,60,88,15
1,41,30,11,1
1,34,31,17,5
0,97,76,97,16
2,115,90,146,16
0,91,59,61,6
0,89,60,90,15
0,91,66,61,8
1,41,29,20,2
1,43,31,14,3
2,110,84,109,24
1,50,35,8,0
0,97,63,80,9
1,13,10,7,2
1,23,17,9,0
0,112,71,86,12
0,93,69,82,14
0,98,68,67,4
2,104,81,113,11
2,110,79,144,15
1,48,36,10,1
0,85,73,76,14
1,51,28,13,0
0,71,56,61,5
2,105,80,153,22
0,90,63,96,18
0,101,68,77,9
2,110,99,116,19
0,90,79,94,6
2,112,72,133,23
0,98,86,85,14
2,113,73,138,20
0,95,58,97,6
2,101,73,123,17
1,87,34,21,0
1,32,20,5,0
2,103,75,106,14
0,94,52,66,15
0,93,61,69,13
1,48,28,16,0
2,98,75,103,17
2,115,108,122,12
0,101,87,88,19
1,40,27,7,3
2,84,57,110,21
2,108,75,135,25
1,94,38,21,2
2,91,82,106,5
2,136,109,112,8
2,101,83,123,22
2,90,73,106,16
0,101,71,80,18
0,89,66,68,4
1,45,29,20,2
2,100,72,106,18
0,89,65,90,4
1,31,23,9,0
1,90,53,22,0
0,102,75,86,9
1,37,26,17,2
2,108,84,139,14
0,90,61,55,15
1,39,32,17,6
2,107,61,134,16
2,112,94,168,22
1,37,28,14,0
1,43,25,15,0
2,100,71,117,17
1,49,23,20,3
1,83,49,24,1
1,34,26,12,0
1,36,28,11,0
1,32,24,14,0
1,50,26,14,0
2,103,66,106,12
2,115,55,197,19
0,93,68,67,9
0,101,65,71,7
1,25,25,9,0
2,95,92,134,12
1,47,29,10,2
2,103,76,160,20
2,114,80,127,20
0,106,68,89,14
0,86,68,55,11
1,15,20,24,4
1,45,29,7,5
0,92,56,61,16
0,100,70,95,7
0,104,59,89,13
1,44,24,6,5
1,38,35,14,2
1,42,32,6,2
0,94,67,70,11
0,89,69,66,13
0,73,56,68,5
0,90,62,60,5
0,89,63,70,3
0,99,69,81,5
1,37,25,11,1
1,80,33,23,11
0,113,77,89,9
2,111,81,103,20
0,94,60,89,17
0,86,57,64,11
1,35,26,11,2
2,99,76,100,16
0,114,72,97,16
2,118,80,127,15
2,108,72,115,11
1,94,37,29,0
0,108,72,87,9
1,101,49,25,0
0,92,69,75,6
0,87,66,66,14
2,109,81,107,14
1,29,22,6,0
0,91,59,62,7
1,48,24,11,7
0,94,78,86,10
2,120,85,139,32
2,95,81,125,15
0,83,72,62,6
2,121,71,148,21
0,93,52,72,14
2,90,66,108,15
0,98,66,69,14
0,93,64,63,7
1,41,27,22,4
1,39,27,13,0
0,139,106,71,13
0,97,65,72,3
1,89,48,18,0
0,107,80,97,24
2,111,76,112,10
1,51,38,15,0
0,107,63,92,12
0,107,75,99,9
1,37,26,21,2
0,107,68,95,11
0,94,64,63,9
0,69,55,60,6
1,37,28,8,2
1,35,26,10,2
1,46,22,11,3
2,105,91,114,19
1,15,12,4,2
1,36,28,6,2
0,110,82,96,11
0,104,60,90,10
0,88,72,49,2
0,113,65,95,10
0,94,60,100,10
0,101,76,68,5
1,44,24,10,5
0,82,63,63,14
0,92,68,64,21
0,99,63,55,3
1,82,34,13,3
2,104,74,115,25
0,95,70,84,7
1,52,29,20,2
1,40,28,19,0
0,76,57,70,11
1,46,23,14,2
2,116,80,137,13
1,11,14,5,3
0,94,59,83,6
1,26,13,27,0
0,83,67,76,22
0,84,70,80,8
2,108,89,118,6
0,97,65,72,9
1,24,22,8,4
1,31,24,14,1
0,96,84,71,10
2,106,76,137,19
0,89,58,80,9
2,93,77,133,29
0,103,71,94,15
2,95,77,115,16
0,89,65,62,8
0,94,89,77,15
2,102,74,113,16
0,91,72,73,9
0,95,78,70,15
0,108,78,81,16
0,92,64,96,11
0,104,71,86,16
1,33,32,7,3
0,98,68,90,17
2,97,77,108,14
1,58,26,18,0
0,103,65,90,11
2,102,68,103,12
1,42,29,7,0
0,77,60,72,7
2,102,64,109,11
2,90,67,112,10
1,31,12,9,0
0,82,50,53,1
1,47,32,10,1
0,77,59,71,7
0,103,92,86,5
2,110,76,103,9
2,104,77,105,14
2,115,80,109,21
1,90,46,22,5
2,109,77,110,17
0,100,72,88,15
1,12,14,11,0
1,37,35,11,0
2,110,91,118,9
0,108,79,87,19
0,105,73,89,14
1,46,31,12,0
0,87,64,76,21
2,89,71,111,18
2,122,65,145,10
1,89,43,25,0
0,90,67,86,10
1,26,22,11,0
2,110,69,110,14
2,113,68,106,17
0,108,68,86,9
0,98,66,89,7
0,105,66,82,17
1,46,28,12,5
0,91,52,84,2
0,89,71,80,13
0,82,62,68,10
0,89,65,85,7
0,98,75,91,20
0,94,55,65,12
0,110,62,90,14
2,107,73,102,12
0,77,62,84,13
1,41,30,13,1
1,40,20,6,1
1,37,30,17,2
1,87,40,23,4
2,123,109,107,14
0,110,72,99,9
1,91,37,23,3
0,91,49,74,7
1,31,24,21,2
0,107,70,100,8
0,110,82,97,18
0,93,68,90,8
2,108,75,106,19
0,93,71,81,10
0,97,65,63,11
0,88,58,86,4
0,90,75,94,8
2,106,80,117,16
1,88,47,37,3
2,113,79,113,20
0,100,71,76,10
2,95,90,115,18
0,133,95,90,10
1,39,17,25,5
1,26,20,10,0
0,94,66,70,13
2,101,77,109,21
0,89,63,74,10
2,112,98,136,27
1,14,12,0,0
0,92,67,65,2
2,100,72,116,22
0,85,64,86,12
0,91,61,87,15
1,43,26,14,5
2,99,78,105,7
2,111,73,118,9
0,92,58,67,14
2,105,76,122,20
0,102,76,98,10
0,85,68,58,16
2,96,69,151,18
2,100,87,107,13
0,101,65,88,18
0,92,69,69,7
0,99,79,95,20
0,105,73,77,14
1,29,30,2,0
0,93,62,77,3
1,37,31,11,0
2,127,75,130,15
2,117,114,142,30
0,92,65,88,10
2,111,78,139,18
1,44,28,11,3
1,34,24,5,1
0,96,66,87,15
0,93,56,59,5
2,94,74,119,15
0,94,63,78,8
2,106,93,101,12
0,90,55,47,5
1,15,16,2,0
2,108,67,110,12
0,101,50,97,16
0,82,70,67,7
1,90,39,20,0
1,27,21,5,1
2,94,68,101,13
1,32,23,8,0
0,97,56,86,11
1,37,25,13,0
2,104,75,131,7
0,106,78,87,6
2,104,68,108,3
2,106,76,135,17
1,13,13,4,0
1,41,26,13,0
0,98,69,91,14
2,100,67,109,11
1,39,32,10,2
0,88,61,85,5
0,98,64,83,14
0,105,62,92,14
1,43,35,4,0
1,36,29,12,0
2,118,70,129,18
1,53,27,16,0
1,41,26,14,0
0,93,77,87,13
2,94,72,113,16
0,76,61,61,25
1,83,38,17,2
0,95,78,90,19
2,121,88,109,19
1,53,27,24,4
0,95,72,87,12
2,122,84,106,19
0,101,74,90,11
1,44,31,16,3
0,84,55,96,10
2,111,66,113,7
1,42,28,19,0
1,25,22,12,0
2,102,67,113,21
1,44,26,8,0
1,39,29,6,1
1,36,27,7,2
2,90,78,109,9
0,90,62,75,11
2,124,80,122,19
1,86,42,24,0
1,34,21,12,2
1,82,61,34,1
2,109,65,118,13
2,110,88,131,15
0,111,93,87,12
0,87,65,65,15
0,105,70,98,14
2,102,72,102,16
0,90,62,86,12
2,122,75,104,14
0,96,68,95,6
1,37,20,16,3
0,80,70,93,8
0,103,62,91,8
0,94,77,77,2
2,108,80,106,13
2,98,77,104,18
0,95,69,90,16
1,45,31,13,1
0,99,62,77,17
0,89,83,97,6
1,41,31,14,0
2,98,76,103,24
0,97,56,91,14
1,25,19,12,1
2,109,78,120,17
0,95,68,93,15
0,89,68,68,10
1,39,32,9,2
1,42,31,21,0
2,110,78,118,12
2,98,69,106,16
2,96,67,107,9
1,48,30,17,0
2,106,73,101,7
0,90,77,74,10
0,103,67,89,10
0,95,54,76,8
0,89,51,48,5
2,113,96,102,29
1,43,32,10,0
0,80,69,95,9
1,31,34,17,2
0,101,53,69,7
0,98,77,98,12
0,85,59,77,15
0,94,63,68,10
0,81,53,66,6
2,111,76,126,23
1,43,32,2,3
1,32,29,7,1
0,83,63,51,6
2,110,80,138,17
1,33,19,9,1
1,37,21,18,0
2,97,86,127,19
2,113,80,115,15
0,100,56,71,3
0,98,71,98,10
0,90,75,76,9
1,44,24,15,0
1,41,25,16,0
2,191,97,109,6
1,17,14,7,4
0,84,65,76,9
2,92,65,110,18
0,89,70,73,17
0,103,73,98,29
2,96,82,111,18
1,44,23,13,0
2,106,62,109,20
1,25,22,4,0
1,38,26,6,4
1,47,35,24,0
1,37,26,10,0
2,90,72,115,19
0,88,72,71,9
0,98,67,69,10
0,85,64,55,6
1,50,45,14,1
1,36,26,12,0
1,42,25,9,3
0,83,60,59,8
0,109,59,93,17
1,20,18,8,0
1,12,9,13,0
2,97,66,122,7
2,162,125,150,19
2,109,82,140,25
0,107,71,86,11
1,44,34,12,3
0,95,67,79,16
1,76,45,26,0
2,109,76,109,7
1,29,28,12,3
2,99,86,119,9
2,99,71,113,17
0,99,68,73,6
2,92,86,117,19
2,104,75,122,12
0,82,70,82,13
2,100,91,105,10
1,36,20,9,5
1,35,27,12,2
1,86,38,14,0
2,112,81,163,9
2,112,70,144,30
1,30,30,12,0
2,105,68,120,17
0,91,68,60,6
0,114,90,80,11
2,94,82,134,16
0,89,59,74,6
0,98,38,79,11
2,96,70,118,10
0,88,69,85,8
1,38,30,10,2
1,76,27,20,0
1,45,25,24,1
2,103,84,119,14
0,102,71,70,11
0,85,64,60,10
0,108,74,98,9
1,36,27,11,0
0,107,65,98,8
1,13,16,1,1
2,101,70,101,11
2,114,56,128,18
0,99,72,77,7
1,38,32,7,2
2,121,68,149,19
0,90,51,75,2
2,115,76,131,11
0,90,55,54,8
0,85,73,68,5
1,12,13,11,0
1,27,24,12,2
1,83,37,14,3
0,115,68,94,23
0,96,68,98,19
0,95,80,88,9
0,101,81,84,3
1,44,29,13,2
1,43,28,7,0
2,118,79,105,12
1,43,27,9,0
0,87,61,66,14
2,100,68,105,17
2,109,64,127,25
1,31,29,16,2
0,111,68,97,11
0,101,77,57,6
0,101,73,61,4
0,86,66,71,7
1,34,30,8,0
0,104,70,53,4
0,105,64,72,11
2,105,71,112,12
2,108,69,125,13
1,50,38,8,2
0,102,60,99,13
1,23,19,13,1
2,95,65,105,19
2,94,65,111,6
0,108,79,91,21
2,94,77,100,12
0,114,74,89,5
1,53,23,12,2
2,100,67,144,24
1,16,17,5,1
1,25,29,14,0
2,103,75,130,14
0,98,67,65,13
0,98,72,70,13
1,35,28,13,0
0,101,66,83,13
0,92,59,42,7
0,89,55,100,8
0,92,66,101,10
0,98,60,76,7
0,89,72,59,17
1,27,26,4,0
1,43,32,9,0
0,102,71,81,7
1,33,23,17,0
1,26,21,14,1
1,85,42,23,8
1,88,41,34,0
2,118,68,108,17
1,44,35,8,0
0,87,63,49,8
2,104,85,116,16
0,77,64,63,7
0,97,69,99,10
0,103,69,89,10
2,109,62,103,14
1,83,42,19,1
0,101,76,65,11
0,101,67,90,11
0,108,68,93,10
2,105,69,112,19
2,112,84,109,19
0,94,60,75,6
2,113,74,103,10
1,38,28,16,3
0,103,60,91,7
0,113,64,95,19
0,90,66,75,5
1,15,9,11,0
2,108,65,103,6
1,94,45,31,2
0,92,65,90,11
2,103,79,127,22
1,50,29,14,6
0,105,74,95,13
1,44,30,7,1
0,98,65,89,15
1,103,53,28,0
0,83,71,93,4
1,30,19,10,2
1,42,29,20,0
1,25,23,9,1
0,97,63,69,7
0,84,65,86,14
1,36,23,5,1
1,33,30,11,1
0,95,69,92,7
0,96,56,85,13
0,109,84,96,13
2,95,80,103,4
2,106,74,117,21
2,96,64,113,18
0,95,73,87,9
0,104,75,86,4
1,37,27,17,5
0,103,63,95,5
1,94,49,26,1
1,32,13,14,4
0,97,69,64,9
0,98,58,79,8
1,39,29,11,0
0,90,67,72,7
0,97,66,95,23
2,95,71,113,16
1,89,42,25,0
1,48,27,10,0
2,98,114,195,20
2,101,84,125,10
0,102,70,91,9
1,32,29,5,1
0,83,67,82,1
0,95,78,76,12
0,104,68,100,23
1,54,39,12,1
2,130,80,141,19
2,101,62,111,15
2,112,81,102,10
2,104,92,158,16
0,95,73,73,11
2,92,76,116,13
2,104,85,109,6
0,80,60,63,11
2,125,76,137,21
0,87,71,59,7
2,109,76,158,25
1,64,27,8,1
0,99,73,79,12
2,107,74,107,20
2,111,70,101,10
0,99,73,83,7
2,103,72,113,14
0,96,63,101,15
0,88,64,65,11
0,101,63,98,5
2,121,76,132,24
2,110,81,109,11
1,53,35,16,1
2,90,77,102,17
0,94,67,98,16
1,69,52,32,4
0,96,68,50,5
0,99,62,101,23
0,97,84,68,10
2,107,73,123,16
0,85,64,67,16
0,91,61,89,11
0,83,60,82,12
1,44,25,14,1
1,45,29,21,3
0,94,80,79,15
0,100,54,74,13
1,40,27,15,1
1,45,24,15,2
2,89,95,98,7
1,44,23,14,3
1,28,23,16,1
0,100,70,64,10
0,80,65,48,6
0,86,62,64,8
1,92,57,35,0
0,95,56,43,0
2,112,85,99,11
2,104,81,147,24
0,85,63,58,7
2,124,98,170,27
1,40,29,6,0
2,91,55,106,18
0,92,69,92,14
0,99,70,71,7
2,135,58,162,19
0,113,88,81,13
0,97,59,57,14
0,96,74,89,20
0,98,79,71,16
0,89,79,79,1
1,29,25,6,2
1,95,53,25,0
0,91,72,90,12
0,103,68,88,4
2,97,81,101,16
2,101,73,112,17
0,111,107,89,10
2,114,84,150,19
0,90,62,66,6
0,89,58,58,6
2,88,67,103,10
2,108,93,110,20
2,107,63,102,13
1,84,39,18,0
1,51,32,11,3
1,48,29,15,0
0,95,69,60,13
2,100,76,132,17
1,22,20,12,0
0,99,75,80,6
1,33,20,9,0
1,38,21,11,8
1,41,30,3,1
0,85,63,78,7
2,94,69,115,17
2,119,73,111,20
0,89,67,85,16
0,99,64,84,8
0,100,76,80,16
1,41,27,20,3
1,32,25,19,0
1,96,48,22,0
2,114,78,124,16
1,13,13,9,1
1,47,29,13,0
1,47,38,10,1
0,97,58,88,8
2,102,53,113,12
0,102,106,77,13
2,104,70,115,14
0,95,74,94,14
1,77,35,23,2
0,85,67,75,10
0,106,73,98,20
0,87,61,56,14
2,106,75,107,17
1,95,43,33,0
0,93,64,61,7
0,89,59,73,4
2,91,61,110,8
0,89,59,67,8
0,99,63,83,5
0,99,69,62,12
1,47,23,14,6
0,103,68,76,8
1,30,24,3,2
2,108,80,123,10
0,95,64,90,8
2,102,83,100,23
1,26,23,9,0
2,100,64,104,11
0,88,63,79,13
1,31,19,18,1
1,35,26,10,0
2,98,66,139,20
0,92,60,62,7
2,114,72,136,16
1,38,26,18,3
1,44,26,14,2
1,35,23,16,4
2,106,74,126,22
1,30,21,16,0
0,102,74,95,5
0,92,60,64,1
1,33,24,13,2
0,106,60,87,18
2,118,76,137,17
0,95,55,76,7
0,98,62,95,13
0,109,77,97,19
2,97,99,101,12
1,38,29,12,2
0,95,72,83,10
2,105,76,151,16
1,85,49,45,10
0,84,57,76,7
0,104,72,96,8
1,29,21,9,0
2,103,73,132,13
2,125,78,134,18
0,96,57,56,15
1,52,29,20,0
0,100,68,89,11
0,98,72,75,14
1,81,34,14,0
0,82,61,55,1
2,120,83,151,15
0,91,59,84,5
0,94,55,82,11
1,41,34,23,0
0,97,60,77,8
1,35,23,5,0
0,78,55,57,8
0,94,74,90,10
2,97,85,102,7
2,100,66,106,23
0,89,75,75,5
2,98,88,129,10
2,111,67,103,12
0,93,62,64,10
1,93,44,27,1
0,89,65,62,3
0,85,60,59,6
2,111,89,168,26
0,88,68,67,8
2,111,77,104,8
1,40,29,17,0
1,44,29,19,0
0,103,82,80,10
2,118,89,162,28
0,96,72,67,8
1,25,16,18,8
1,19,16,9,2
2,102,76,112,8
1,52,27,15,0
1,49,35,11,3
1,36,27,10,3
2,114,70,109,25
0,104,78,87,7
0,92,64,79,8
2,96,73,113,12
0,97,75,73,11
0,99,41,80,12
1,27,21,10,2
2,101,81,100,15
2,95,71,109,10
0,51,53,90,10
1,41,20,14,4
1,45,35,24,3
2,100,65,123,22
1,36,30,19,0
0,100,69,82,19
1,40,29,16,1
1,32,26,13,1
1,42,19,5,1
0,98,67,88,7
1,45,20,6,0
0,86,61,75,10
0,99,69,94,18
1,82,37,23,2
2,104,81,129,20
0,86,62,47,7
0,100,69,88,12
2,97,64,116,9
2,100,72,118,13
2,105,84,113,19
0,83,61,44,19
0,95,77,66,19
1,44,30,21,0
1,27,17,15,4
0,90,66,67,8
0,90,80,88,18
1,40,33,15,3
2,103,61,107,13
1,49,31,21,0
1,87,44,28,6
2,111,68,106,18
1,45,28,14,0
1,44,29,9,0
1,37,22,15,0
2,100,68,107,17
2,115,77,107,24
1,34,25,17,1
2,120,84,157,9
0,92,53,84,8
2,117,78,119,13
0,88,63,53,3
1,31,18,13,3
1,36,28,17,0
0,91,66,67,11
1,39,32,5,0
2,118,80,115,11
1,44,26,11,0
0,99,49,85,11
2,98,70,109,15
2,107,84,133,8
0,88,71,79,13
2,108,87,145,16
1,35,32,16,2
0,90,73,97,18
0,114,98,92,19
0,94,62,96,4
0,96,68,74,10
2,101,80,122,26
0,97,60,93,8
0,81,41,87,20
2,113,80,161,22
0,95,64,86,11
2,122,79,145,23
1,29,20,9,4
2,112,77,152,18
1,41,29,15,0
2,110,56,105,35
2,103,95,97,12
2,116,86,142,22
1,43,38,14,0
2,111,79,117,17
0,125,99,91,13
0,106,62,93,7
2,109,68,112,14
2,130,90,146,29
0,98,68,92,9
0,94,69,87,11
1,29,15,4,0
2,105,72,131,20
2,105,100,138,16
0,89,59,57,3
1,46,38,15,0
0,107,79,87,12
2,97,67,111,17
0,88,62,62,4
2,105,77,145,13
1,13,17,10,2
1,27,20,18,4
0,89,58,66,11
0,91,67,78,7
0,82,63,86,11
0,98,78,96,8
0,88,64,78,12
0,106,66,98,9
1,49,32,20,0
0,117,59,97,20
2,110,67,110,16
0,105,69,94,9
0,81,55,76,0
0,106,69,98,7
1,28,21,5,0
0,91,74,83,10
2,109,66,139,14
0,100,60,96,9
1,41,24,12,0
2,96,73,139,16
0,83,68,93,12
1,40,26,21,2
1,45,32,10,0
2,101,71,119,10
0,87,61,58,11
2,101,87,122,13
1,24,22,7,0
1,49,35,22,0
2,123,74,194,18
0,99,65,78,9
0,94,58,53,8
0,102,67,77,6
2,122,88,157,22
2,104,90,178,17
2,114,86,128,14
0,92,62,92,12
2,110,75,105,8
1,48,24,20,4
0,93,65,72,7
1,76,39,18,0
0,101,77,81,14
2,105,84,126,11
0,94,70,96,16
0,96,65,91,12
2,125,80,180,19
2,112,85,143,24
0,104,66,96,11
1,46,32,16,2
0,108,73,66,9
0,88,60,64,3
2,110,93,102,11
2,91,71,117,3
1,53,37,17,3
0,102,64,69,5
1,39,27,13,6
2,112,71,108,9
0,99,68,76,12
1,30,24,14,6
0,100,60,67,4
1,11,12,19,1
1,27,13,12,3
1,41,27,10,3
0,37,51,52,6
2,104,73,110,17
2,102,78,115,10
1,35,28,11,5
2,108,74,111,15
0,99,75,69,11
1,39,34,11,0
1,40,10,13,0
1,42,34,13,5
1,81,51,26,0
0,104,74,97,13
2,117,94,132,16
1,25,15,17,3
0,101,59,69,5
0,104,65,85,14
0,103,72,90,20
2,106,77,108,20
1,29,23,13,6
2,107,77,137,20
1,36,28,9,0
0,113,82,90,20
0,100,61,69,4
1,80,32,25,0
0,93,62,82,14
0,109,71,82,7
0,88,65,66,4
0,87,67,64,10
0,104,74,84,7
1,33,30,7,0
2,104,69,133,18
0,97,59,63,6
2,103,68,105,6
2,92,65,105,14
1,47,20,51,6
1,44,30,10,0
1,31,26,22,3
1,42,27,18,3
2,107,69,136,11
1,34,18,21,5
1,45,34,15,2
2,114,77,150,21
1,50,36,17,1
0,102,70,95,15
1,41,29,21,0
2,81,67,104,18
0,95,55,71,16
0,100,74,73,6
2,106,75,140,25
0,88,62,69,8
0,101,68,99,12
2,105,76,103,10
0,88,68,81,7
0,102,67,78,5
2,99,67,102,18
0,81,54,75,14
0,90,63,94,9
2,106,87,119,18
0,87,69,83,13
2,100,72,100,12
0,85,63,90,2
2,110,54,106,9
1,29,26,8,0
0,91,62,67,15
2,108,77,136,13
1,50,23,26,0
1,14,13,17,0
0,102,70,94,14
1,34,20,7,0
0,91,59,86,9
0,112,70,85,12
2,101,73,161,8
2,94,70,133,4
1,40,29,4,2
1,40,27,7,1
0,93,57,100,21
2,118,112,143,23
1,41,26,9,2
2,109,86,155,33
1,29,22,9,0
2,105,78,143,15
0,92,64,59,11
0,84,58,80,11
1,85,45,29,0
0,88,72,62,8
0,95,76,61,3
0,90,76,82,10
1,14,18,5,0
1,39,31,17,4
2,99,95,136,10
2,94,66,103,13
1,38,31,5,0
2,107,71,102,7
2,100,61,103,18
0,95,65,70,11
2,94,68,109,12
2,99,66,108,8
1,82,29,21,4
1,55,37,19,1
2,119,73,103,11
0,79,62,76,11
2,98,73,108,13
0,76,55,55,3
0,83,64,60,0
0,94,66,75,7
0,94,53,73,11
1,61,44,13,3
1,40,31,15,0
0,88,71,92,10
1,54,33,17,2
2,97,72,100,7
2,104,61,125,21
2,122,80,116,14
0,97,83,96,16
2,113,91,100,21
0,86,66,52,4
0,117,73,91,12
0,100,67,79,12
0,102,61,88,10
0,89,61,62,5
2,110,71,105,10
0,94,76,70,5
2,90,79,148,9
0,90,77,87,5
0,100,74,77,10
0,106,76,91,9
0,80,70,57,7
1,44,33,20,0
0,93,60,50,6
0,94,68,72,4
1,88,43,22,0
0,97,67,81,4
0,75,57,70,7
2,102,79,104,18
2,127,80,145,35
1,34,27,8,2
0,90,75,73,6
1,40,28,13,0
1,17,22,8,5
0,96,65,89,12
0,100,62,78,4
2,98,75,101,12
0,92,68,83,12
0,83,57,58,5
0,106,70,99,11
1,35,35,13,0
0,106,62,96,3
2,110,44,109,26
2,106,86,149,14
0,101,74,59,9
0,97,69,84,9
0,99,77,93,4
2,113,85,141,24
1,37,29,12,2
0,114,71,77,14
1,17,16,17,1
0,86,63,67,5
0,107,65,75,6
2,114,76,123,21
0,90,58,62,5
2,97,76,105,11
2,100,68,138,16
0,107,72,87,5
1,35,25,15,1
0,98,74,81,11
1,47,30,8,3
0,86,64,84,10
0,89,69,94,4
1,46,32,7,2
1,38,31,8,0
0,96,81,92,12
1,39,32,14,2
1,87,56,18,0
1,45,30,18,0
1,45,31,22,1
1,85,38,17,1
1,40,31,18,0
0,86,64,80,9
0,98,60,81,13
2,94,70,123,16
0,88,58,70,13
1,32,20,11,0
2,106,73,145,26
0,95,61,50,4
0,93,83,77,6
0,96,71,84,28
2,105,59,109,25
2,107,75,113,18
0,93,71,71,13
0,88,56,72,8
0,80,58,58,4
1,46,30,20,0
2,105,59,115,15
2,96,75,105,15
1,34,29,11,0
1,78,41,20,2
1,94,39,14,0
0,92,68,86,16
0,104,63,66,2
1,21,16,10,1
1,31,30,11,3
2,103,69,123,23
1,31,26,9,0
0,79,55,63,10
1,14,14,10,0
1,31,19,26,0
1,11,11,3,0
2,97,90,131,14
0,115,72,95,7
1,54,33,26,0
2,109,74,136,23
1,33,20,14,0
2,96,79,104,23
1,50,24,20,1
0,90,70,74,12
0,96,71,71,4
1,39,23,7,2
2,113,73,107,15
1,38,29,8,0
0,93,68,88,13
1,35,24,10,2
0,76,82,73,14
1,91,53,23,6
1,34,21,16,0
0,94,72,85,14
0,91,74,83,2
2,104,80,116,17
1,36,25,8,1
1,29,25,14,0
2,114,84,101,14
0,96,60,100,18
0,96,61,74,9
0,79,55,47,5
0,92,80,90,6
1,46,30,11,0
0,94,71,73,7
0,79,53,67,1
0,104,72,99,12
1,43,29,17,0
0,101,76,88,6
2,119,88,138,18
1,90,39,29,4
0,87,70,62,17
0,99,59,88,17
2,113,76,110,8
2,100,71,108,20
2,110,77,108,17
0,93,75,81,3
2,103,76,107,19
0,79,53,67,3
0,89,56,55,14
0,101,78,90,8
2,110,85,116,15
0,93,62,89,14
0,97,69,96,11
2,117,75,131,15
2,114,85,124,13
0,101,68,86,2
2,112,71,119,16
1,46,29,14,2
2,112,80,114,17
1,28,26,15,1
2,109,78,121,32
2,116,75,103,15
2,103,71,100,13
0,82,60,47,6
0,100,75,85,19
1,32,26,11,0
1,42,33,8,0
0,94,75,69,14
1,40,34,14,1
0,86,63,75,14
0,112,68,35,2
2,120,76,146,24
0,90,65,76,4
1,47,24,14,0
1,78,35,13,1
1,44,29,11,2
1,43,16,21,1
0,98,67,92,11
0,90,70,85,10
1,12,15,0,0
0,104,68,95,12
0,97,78,93,7
0,98,79,85,5
1,38,29,18,7
0,80,75,76,9
0,91,75,84,15
1,36,25,10,0
0,96,77,52,4
1,45,29,13,0
0,95,69,80,11
1,53,30,14,1
0,86,75,85,6
1,40,29,11,0
1,44,22,20,3
0,93,69,71,8
2,104,70,106,15
0,101,59,81,9
1,41,36,12,0
1,38,26,8,1
1,38,28,11,0
0,104,83,94,14
0,98,69,44,5
1,75,36,24,4
2,132,68,127,16
1,44,32,8,0
1,47,27,11,0
2,96,61,104,14
2,112,66,106,23
1,38,22,8,0
1,45,33,15,3
0,82,59,58,7
0,97,56,75,10
0,92,59,88,18
0,89,65,66,16
0,87,56,63,4
1,25,18,13,0
0,97,79,78,13
1,40,33,13,0
0,96,77,52,6
0,83,61,72,17
0,97,63,73,10
2,101,69,122,21
1,22,22,8,0
2,108,68,141,17
0,115,67,81,11
0,105,58,98,13
2,104,83,99,11
1,26,20,20,3
1,48,35,6,4
0,99,72,94,3
0,99,77,82,3
1,35,30,15,0
2,117,75,122,20
1,31,21,5,0
2,122,82,141,26
2,109,86,158,14
1,13,14,14,4
2,103,66,105,10
0,94,61,96,1
0,80,63,88,7
0,101,61,85,12
1,35,31,16,2
0,102,77,75,5
2,104,72,163,13
0,93,62,83,9
1,49,27,12,0
1,51,40,18,4
1,47,34,12,3
2,99,67,106,15
0,88,56,65,4
2,116,87,152,17
1,38,35,14,3
2,97,68,104,16
1,31,29,17,3
2,100,75,103,15
2,104,73,102,12
0,87,67,85,9
2,105,65,139,12
2,109,63,130,20
1,75,42,18,0
2,122,71,150,30
2,106,73,105,13
0,96,62,72,7
0,94,82,90,13
0,100,66,93,14
1,31,29,19,4
0,86,60,58,5
1,40,27,14,2
1,27,26,11,8
2,95,83,125,13
0,78,64,76,4
2,112,76,126,22
2,109,65,126,25
0,99,57,92,8
1,34,20,12,0
0,93,52,53,7
2,100,78,148,30
0,100,68,61,9
0,98,78,81,13
1,40,29,20,5
0,94,70,97,14
0,92,64,70,7
0,120,71,89,12
1,29,20,13,1
2,110,83,118,4
0,87,57,81,7
2,103,60,103,9
2,101,69,102,12
0,99,73,85,11
2,124,64,137,24
0,100,79,88,16
2,96,78,106,7
0,90,69,67,12
1,44,35,12,4
0,100,71,76,3
0,98,72,95,22
0,86,58,45,6
2,110,73,101,7
2,110,74,124,10
1,52,34,16,0
0,106,86,83,10
0,95,70,53,6
0,87,52,65,11
0,96,60,77,9
2,101,78,112,11
2,123,89,147,27
0,81,64,64,5
0,92,72,87,9
0,105,66,76,9
0,102,60,100,7
1,39,30,11,5
0,107,78,77,8
2,105,70,102,10
2,152,124,141,21
1,28,27,8,0
2,96,67,104,15
2,97,74,101,7
2,97,77,121,19
0,91,64,62,8
1,12,11,9,2
2,112,73,108,18
0,87,67,82,8
1,38,26,11,3
0,80,62,65,2
0,93,57,96,5
0,97,75,86,11
1,11,6,9,4
1,34,23,10,0
1,44,31,13,1
2,108,70,131,19
2,96,77,101,1
1,98,39,17,0
1,41,25,9,0
1,37,33,12,0
0,110,65,92,19
0,102,66,76,14
1,89,40,21,1
2,117,63,128,13
1,35,28,9,0
0,102,75,76,15
0,98,66,82,14
1,65,33,13,0
0,101,74,72,5
0,103,73,95,9
2,112,79,132,23
0,93,65,90,7
0,96,68,94,7
1,22,21,11,0
0,97,59,71,15
1,37,28,15,3
0,100,66,67,7
0,106,76,89,10
0,94,39,90,13
0,97,70,82,8
0,84,69,91,9
1,33,28,13,0
0,101,60,98,14
0,105,69,71,11
1,45,36,10,0
0,103,76,92,8
1,26,20,10,0
0,107,62,90,11
2,106,92,149,23
1,22,15,7,2
1,44,26,8,0
0,95,69,76,9
0,105,77,88,13
0,88,70,59,4
0,95,67,80,7
2,100,82,101,11
0,105,70,46,8
1,29,24,12,0
0,92,70,81,5
0,82,68,61,2
1,13,12,8,1
2,105,75,111,13
2,109,71,102,19
0,88,76,77,7
2,104,70,130,15
1,35,22,13,0
1,33,26,16,0
0,107,61,98,7
0,113,73,97,15
1,102,47,23,2
0,102,67,84,14
0,106,83,82,13
0,96,70,72,10
2,98,73,112,7
1,44,32,12,1
2,113,94,124,14
0,93,56,76,7
1,32,20,18,6
0,93,53,76,5
0,100,69,97,13
2,115,72,137,14
2,122,76,125,17
0,97,78,74,6
1,40,30,18,0
2,117,46,127,31
0,90,66,55,10
1,57,33,20,1
0,98,57,75,15
0,86,80,78,10
2,101,62,134,20
1,38,27,4,0
0,89,65,72,7
2,119,74,114,12
0,90,66,60,8
0,103,72,77,5
0,85,67,85,11
0,107,82,97,20
0,79,64,78,6
0,97,77,93,3
1,37,24,13,0
2,105,67,120,16
2,110,75,162,18
2,113,90,118,16
1,42,30,13,4
1,42,26,13,1
2,106,105,109,12
1,89,35,21,0
0,100,65,87,14
0,98,58,99,20
0,87,57,65,9
1,41,26,17,1
2,100,74,113,16
0,99,66,97,11
0,83,71,86,9
0,80,67,71,8
1,32,19,13,3
0,101,69,96,15
2,111,90,128,34
2,101,77,130,16
0,101,67,81,10
0,95,71,83,16
1,10,9,14,0
0,91,64,83,3
2,110,78,122,26
0,93,67,98,21
2,121,84,176,27
0,90,68,78,8
0,79,59,55,8
1,28,31,7,0
2,93,75,128,19
1,87,35,16,1
0,82,68,67,5
1,102,54,36,2
2,92,75,107,17
0,93,64,70,12
1,42,27,14,0
0,76,66,85,6
0,82,56,62,6
1,47,40,25,0
1,22,23,13,0
0,95,61,73,6
1,30,21,16,0
1,30,26,7,4
0,98,69,70,13
0,103,74,96,4
2,96,70,110,18
1,39,25,5,0
0,95,67,74,10
2,105,76,127,20
0,103,76,63,5
1,42,24,7,0
1,41,34,7,1
0,97,87,82,24
1,14,17,8,2
0,98,55,101,17
0,99,69,94,11
1,12,11,6,4
2,110,68,152,15
1,52,28,16,2
1,39,29,13,3
1,48,36,13,2
0,91,65,75,4
0,107,61,70,11
2,110,95,101,17
1,37,30,10,3
2,116,83,148,24
1,26,18,8,3
1,27,23,9,0
0,95,69,84,18
1,90,37,30,2
2,119,93,107,18
0,97,68,84,9
2,101,71,121,4
0,89,63,56,6
2,115,71,125,21
1,87,37,35,2
0,89,63,74,7
1,33,18,16,1
0,97,59,56,8
0,87,57,58,2
0,104,79,93,13
2,115,82,134,22
1,87,43,34,2
2,112,83,120,13
2,101,80,118,14
2,98,61,103,18
1,23,25,13,0
1,40,22,12,1
0,86,65,87,13
2,94,75,109,12
0,113,70,91,13
0,104,55,83,12
0,85,66,70,10
0,96,62,72,11
1,34,22,6,0
0,86,80,69,12
0,100,67,72,17
1,91,42,28,1
2,99,76,115,16
0,87,63,96,13
2,114,75,113,12
0,97,86,77,3
1,50,33,17,0
1,39,25,12,4
0,80,60,55,7
1,40,31,13,2
0,100,72,94,16
1,26,20,15,2
1,85,38,32,2
0,103,61,95,22
0,96,79,67,8
1,41,25,11,0
0,103,69,98,10
2,105,66,102,16
0,91,62,74,8
0,98,59,77,14
1,41,29,14,0
0,103,89,95,24
1,44,29,19,0
1,36,21,15,0
1,34,22,17,0
0,113,62,96,6
0,83,66,61,4
2,102,82,105,19
0,103,68,94,16
0,89,66,43,8
0,107,72,86,13
0,98,64,93,10
0,84,65,55,6
0,80,61,45,6
0,83,71,90,7
1,10,11,16,0
2,99,68,108,9
1,35,28,17,0
0,91,70,84,3
0,79,56,60,14
1,35,27,10,0
0,88,63,89,13
1,24,15,12,3
2,123,71,163,15
1,33,28,13,1
1,26,22,17,0
1,41,28,18,0
0,90,68,72,6
2,103,73,110,19
1,38,26,14,2
2,105,69,109,19
2,127,77,123,22
2,97,71,110,10
0,97,55,80,13
2,99,83,152,16
1,14,17,10,0
0,101,76,81,9
1,40,25,15,4
2,100,72,117,14
0,100,73,90,14
0,89,63,81,4
1,79,40,17,1
0,87,62,86,17
0,100,72,66,16
0,101,57,95,5
1,40,28,8,0
1,40,43,7,0
0,100,59,89,12
1,43,23,18,1
0,98,55,99,17
2,99,76,106,8
2,98,67,104,15
0,101,61,97,19
1,36,14,10,0
0,100,53,60,6
2,105,87,130,15
2,89,78,137,1
2,117,76,125,21
0,92,61,78,12
2,104,70,105,15
2,98,81,98,14
0,90,72,90,13
0,98,50,96,9
1,44,36,19,1
1,84,35,22,2
2,114,81,122,10
2,114,78,141,10
1,34,26,15,0
1,94,44,32,0
1,54,43,48,5
1,37,33,9,1
2,111,71,109,12
1,32,20,6,3
1,90,41,29,4
2,128,93,124,23
2,101,73,109,14
0,104,65,93,9
1,39,22,24,2
2,104,75,145,19
0,89,62,87,14
1,29,29,10,0
0,91,55,65,10
2,112,94,142,24
0,83,67,74,9
0,92,65,70,9
2,97,80,100,16
0,92,68,54,7
1,58,38,18,3
2,94,86,121,31
1,65,20,25,2
0,112,96,93,13
2,89,72,111,8
1,31,21,8,4
1,40,27,12,1
1,37,23,9,2
0,100,59,68,11
0,95,80,80,10
0,97,71,96,12
1,30,15,12,0
1,40,20,21,8
2,110,80,142,20
2,168,100,155,16
2,118,76,143,20
0,84,70,61,3
0,88,68,64,14
2,107,86,157,13
0,91,56,93,7
2,111,80,103,14
2,124,80,149,32
2,113,81,115,13
0,107,58,87,23
1,51,24,13,3
0,91,76,95,8
2,102,71,125,22
1,31,32,12,0
1,56,32,12,0
1,25,20,7,0
1,29,25,16,0
0,88,78,88,5
2,111,97,107,13
0,98,70,94,12
2,116,54,111,22
0,96,60,70,6
0,94,58,59,7
2,111,86,154,26
2,113,76,129,13
2,117,126,137,15
2,123,84,121,30
2,100,92,108,13
1,29,18,9,2
1,33,20,10,1
1,34,35,8,1
0,88,68,59,10
2,109,79,135,14
0,111,63,94,20
1,34,32,13,0
1,44,37,12,2
0,102,58,62,7
0,82,66,65,10
0,103,58,87,10
0,99,61,93,13
1,73,37,35,0
2,107,96,130,22
1,19,10,10,1
1,40,23,18,0
0,98,69,73,13
0,78,61,68,7
0,97,63,75,6
0,107,56,72,13
1,41,29,8,0
0,92,52,49,0
1,46,24,15,0
0,96,69,100,14
2,115,73,108,17
0,92,64,54,11
2,107,97,121,22
2,98,60,108,6
0,97,66,83,17
0,106,83,92,13
0,93,65,99,10
1,33,17,14,2
2,98,63,114,14
0,62,41,76,5
1,33,24,9,0
2,100,68,111,4
1,94,41,27,1
0,89,64,68,2
1,44,35,11,0
0,77,69,62,10
1,40,25,13,0
1,38,28,16,3
2,115,75,165,23
1,11,11,17,0
0,86,54,73,14
0,93,65,67,6
2,118,96,110,11
2,99,79,121,11
0,104,71,85,10
2,110,72,120,21
2,97,69,143,21
2,103,80,133,32
0,116,76,88,5
0,95,76,85,13
1,66,32,14,3
0,89,59,91,10
0,106,59,68,2
1,80,45,29,5
0,92,68,66,4
1,36,25,8,0
1,42,28,20,2
1,49,32,11,1
0,112,69,76,22
0,108,60,98,12
1,50,28,14,1
0,105,67,75,7
0,97,66,74,18
0,88,65,76,17
1,32,19,10,0
1,40,35,3,0
1,40,28,12,0
2,126,83,105,19
0,85,64,62,14
2,115,82,127,6
2,106,74,116,22
0,106,57,101,17
1,31,18,8,0
0,95,60,93,13
0,96,69,85,13
0,93,57,49,4
2,102,63,132,16
2,110,80,101,8
0,87,71,86,13
0,90,55,54,10
0,112,77,83,15
2,109,69,108,11
2,102,85,143,9
2,122,111,147,18
1,39,29,20,2
0,105,64,75,4
0,79,65,53,5
0,97,63,72,12
0,96,75,93,18
0,102,66,75,10
1,28,20,10,1
0,105,76,89,11
1,43,23,15,3
0,89,57,75,4
0,103,74,96,6
2,112,81,120,12
1,38,28,13,3
2,102,68,106,13
0,101,74,99,9
2,113,80,142,16
1,23,18,19,3
0,98,58,74,13
1,36,26,11,1
0,124,84,68,4
0,88,75,78,9
0,98,59,86,12
0,81,63,74,10
1,52,37,43,1
1,41,28,6,4
2,111,68,102,14
0,97,78,83,18
2,100,68,119,19
1,25,19,12,4
0,106,63,99,5
2,103,77,104,21
1,32,22,14,0
2,100,58,125,16
2,98,70,109,4
0,97,78,89,18
0,92,51,67,7
1,46,24,8,3
1,33,20,9,0
0,91,76,75,8
1,33,24,8,0
0,102,69,100,15
0,93,69,89,16
1,82,30,19,7
0,84,66,52,3
1,42,25,10,2
2,113,93,100,15
0,90,55,96,12
0,99,63,82,8
2,107,72,107,13
1,89,45,24,0
0,88,64,62,12
0,92,73,68,12
0,106,62,74,19
0,107,82,97,14
2,104,85,108,15
2,112,79,111,24
2,102,59,117,17
0,85,53,75,7
1,35,30,12,0
1,29,18,15,1
2,107,85,140,22
1,30,25,18,2
0,104,59,81,6
0,87,64,77,10
1,47,33,19,2
0,81,56,73,5
1,14,15,8,5
1,94,45,20,1
1,31,29,17,0
2,108,87,127,14
0,101,66,93,16
0,98,60,87,6
1,34,26,17,3
0,88,70,76,12
1,34,21,19,0
0,96,66,93,6
0,89,60,68,7
0,94,74,79,14
1,37,21,5,0
0,65,58,58,12
1,33,29,16,2
0,95,68,82,3
1,33,20,19,4
0,94,72,80,15
1,28,21,16,0
2,104,67,114,10
0,123,69,95,15
1,34,24,9,3
1,40,27,24,0
0,99,74,71,4
0,90,65,81,10
1,34,26,8,0
1,74,31,21,2
0,100,71,98,6
0,80,67,94,8
1,12,11,8,1
2,105,78,124,15
0,101,66,88,11
0,94,69,73,9
0,95,55,71,8
0,89,75,66,7
0,88,61,88,11
2,98,69,126,16
2,191,106,162,24
0,115,63,96,19
0,97,70,86,13
0,91,81,75,10
0,86,70,73,6
0,98,69,93,12
1,31,23,12,1
2,118,96,118,27
0,92,82,79,12
0,88,79,85,9
1,54,33,16,0
1,28,17,19,0
0,90,53,76,5
0,91,71,79,10
0,99,63,84,15
0,92,56,83,11
1,40,31,10,0
0,94,55,86,14
0,87,68,76,13
0,91,62,99,8
0,94,85,61,8
0,98,65,91,6
2,100,67,115,17
1,103,49,25,3
1,43,36,4,2
0,97,65,87,8
1,11,11,0,3
0,91,69,86,15
0,91,60,77,9
2,102,77,103,10
0,87,68,72,9
0,103,74,98,17
0,109,65,88,22
0,88,75,70,6
0,118,76,86,20
0,88,54,60,6
2,140,65,155,30
0,88,63,80,10
2,105,77,123,22
2,123,74,132,16
0,102,72,95,19
0,109,67,92,17
1,43,36,9,0
0,109,77,80,10
1,20,14,16,3
2,93,72,103,7
1,89,37,17,0
2,87,68,103,8
2,109,77,128,10
1,45,37,14,1
2,115,68,119,20
1,29,23,8,0
0,91,68,66,12
0,109,60,74,11
0,92,59,93,8
2,91,78,101,15
1,55,31,22,0
0,102,69,84,9
0,98,73,82,10
1,30,26,7,3
1,44,32,7,1
0,89,52,45,4
0,90,67,80,17
2,99,73,107,20
1,35,18,11,0
2,112,73,100,10
1,34,32,8,0
2,117,81,159,27
1,20,21,6,0
2,88,66,105,4
0,93,67,69,10
0,98,64,89,5
1,101,42,20,0
1,37,20,13,0
2,91,74,113,10
0,83,60,54,10
0,96,76,86,13
2,114,87,119,23
1,48,24,29,3
0,105,76,93,5
0,87,68,89,20
0,100,72,84,7
1,34,20,13,0
0,90,63,74,9
0,100,82,87,14
0,94,77,78,9
2,102,76,134,12
0,98,71,87,12
2,113,71,129,15
1,33,20,11,0
2,96,76,129,15
2,97,68,101,16
1,43,27,28,0
0,82,61,60,3
0,87,62,68,10
2,119,97,116,11
0,89,67,67,5
2,105,90,143,19
2,105,78,99,16
1,26,25,9,2
0,83,61,67,3
1,44,29,10,0
0,106,65,88,7
2,115,106,141,16
0,84,65,74,8
0,91,67,79,6
2,114,80,145,25
2,120,70,130,14
0,93,57,73,15
0,92,70,86,8
0,97,55,84,18
0,84,65,66,11
1,18,17,6,0
1,28,21,15,4
2,107,78,121,10
0,97,59,53,12
0,94,62,79,12
1,39,26,8,2
0,100,68,90,7
2,107,74,114,13
1,29,27,29,4
2,120,75,158,25
2,107,72,115,17
0,94,76,88,15
1,45,24,21,1
0,107,70,82,6
1,37,29,12,2
1,39,31,10,0
1,12,11,10,0
0,106,85,82,14
0,102,77,98,12
0,92,66,69,6
2,123,91,117,23
0,106,91,82,10
1,24,14,23,0
0,90,58,46,8
2,109,78,124,17
2,108,71,128,23
0,98,71,75,6
0,88,71,92,17
0,88,60,80,8
1,43,21,14,2
2,100,72,127,12
0,88,69,78,11
2,118,78,114,11
2,132,86,171,22
0,98,78,78,4
0,97,61,97,7
2,107,78,115,8
1,28,21,7,0
0,100,58,93,9
0,102,85,90,6
0,103,50,82,9
1,41,25,18,0
2,108,64,105,22
0,96,60,60,10
1,42,26,17,4
2,100,81,104,14
2,104,74,139,23
0,94,65,78,12
0,96,59,79,5
0,108,64,86,10
0,86,62,45,6
0,91,53,87,9
2,100,70,138,29
1,94,45,17,0
0,101,71,74,18
2,122,83,132,17
2,118,75,140,13
2,89,68,102,15
1,32,19,12,0
1,49,32,15,1
0,112,70,100,11
1,28,19,15,3
0,86,59,95,11
2,103,76,117,18
1,82,38,15,3
2,107,73,116,16
2,103,72,103,14
1,42,26,12,3
0,36,37,80,14
0,110,67,98,20
0,91,65,93,13
1,27,26,16,0
0,101,76,83,9
0,103,62,96,24
2,101,89,117,13
0,101,77,82,13
0,80,59,70,3
1,50,27,13,0
0,95,77,85,14
2,122,86,129,28
0,110,44,89,8
2,117,46,136,15
0,111,75,98,11
0,78,65,62,10
0,107,58,78,15
2,111,77,132,22
0,100,68,100,13
1,30,36,10,3
2,118,76,117,12
1,36,27,11,4
0,89,63,59,14
1,63,49,26,1
2,99,68,101,16
1,43,28,28,0
0,98,58,57,5
0,75,36,66,11
0,87,64,60,9
0,87,56,52,4
2,130,87,197,21
0,107,69,91,15
1,44,31,26,1
0,103,66,77,13
0,77,44,88,19
0,79,61,65,15
0,119,83,92,12
0,84,64,71,5
1,30,24,23,2
0,74,44,50,8
1,43,26,23,0
2,104,72,110,14
2,104,84,122,19
0,98,76,61,8
2,105,71,107,16
2,101,87,124,11
2,111,85,150,11
2,113,80,100,13
0,81,79,93,20
1,29,17,6,1
1,45,34,22,0
2,123,81,118,28
0,90,63,65,6
0,89,65,84,8
0,87,69,62,5
0,95,79,57,10
2,105,75,119,13
1,40,16,16,0
2,105,73,113,19
0,91,71,73,4
0,90,81,81,16
1,43,29,6,0
0,102,61,75,9
1,43,24,12,1
0,84,66,91,8
1,25,25,8,0
0,93,64,73,6
0,96,78,66,9
1,15,13,9,2
2,115,71,104,13
0,104,73,91,9
1,22,23,18,3
0,94,58,72,6
0,72,53,50,3
2,94,63,105,8
0,105,63,88,3
1,34,22,8,0
0,112,68,88,13
0,89,59,73,5
1,36,29,15,1
0,78,61,68,6
1,40,29,17,0
0,97,59,79,15
0,100,70,94,22
0,80,47,102,9
0,80,53,53,6
0,109,76,87,14
0,101,68,96,17
0,82,64,91,6
2,113,95,126,32
0,96,72,82,13
2,100,70,108,18
1,29,20,14,0
1,44,31,8,4
1,49,27,19,4
1,30,20,17,0
0,98,57,79,5
0,84,57,85,11
2,97,73,103,17
0,90,61,51,7
2,120,52,130,14
2,104,73,101,18
0,92,57,51,9
0,98,64,92,14
1,40,26,20,1
0,96,60,84,9
0,84,57,87,12
0,103,58,84,6
1,31,22,6,3
1,32,18,12,0
2,101,70,124,10
0,81,72,92,15
